commonName,scientificName,genera,family,color,sizeLower,sizeUpper,spreadRadiusLower,spreadRadiusUpper,cost,lepsSupported,type,sunLevel,moisutre,soilType,photoLink
Box Elder,Acer Negundo,Acer,Aceraceae,yellow-green,30,60,30,60,12,256,w,"Full Sun, Partial Sun","Moist, Wet","Clay, Loamy, Sandy",http://www.nativeplantcenter.net/wp-content/uploads/2016/05/Acer-negundo-1-USFWS-BES.jpg
Red Maple,Acer Rubrum,Acer,Aceraceae,(inconspicuous),40,100,30,75,12,256,w,"Full Sun, Partial Sun","Moist, Wet","Clay, Loamy, Sandy",http://www.nativeplantcenter.net/wp-content/uploads/2016/05/Acer-rubrum-1-USFWS-BES.jpg
Silver Maple,Acer Saccharinum,Acer,Aceraceae,greenish yellow,50,100,75,100,12,256,w,"Full Sun, Partial Sun","Moist, Wet","Clay, Loamy, Sandy",http://www.nativeplantcenter.net/wp-content/uploads/2016/05/Acer-saccharinum-PLANTS-DEH.jpg
Sugar Maple,Acer Saccharum,Acer,Aceraceae,yellow-green,60,100,50,75,12,256,w,"Full Sun, Partial Sun, Shade",Moist,"Loamy, Sandy",http://www.nativeplantcenter.net/wp-content/uploads/2016/05/Acer-saccharum-USDA-JE.jpg
Mountain Maple,Acer Spicatum,Acer,Aceraceae,yellow green,20,35,20,35,12,256,w,"Partial Sun, Shade",Moist,Loamy,http://www.nativeplantcenter.net/wp-content/uploads/2016/05/Acer-spicatum-RHW.jpg
Doll'S Eyes,Actaea Pachypoda,Actaea,Ranunculaceae,whitish,1,3,0,0,6,3,h,"Partial Sun, Shade",Moist,"Clay, Loamy, Sandy",http://www.nativeplantcenter.net/wp-content/uploads/2016/05/Actaea-pachypoda-1-RHW.jpg
Purple False Foxglove,Agalinis Purpurea,Agalinis,Scrophulariaceae,rose-purple,1,4,0,0,6,4,h,Full Sun,"Moist, Wet",Sandy,http://www.nativeplantcenter.net/wp-content/uploads/2016/05/Agalinis-purpurea-RHW.jpg
White Snakeroot,Ageratina Altissima Var. Altissima,Ageratina,Asteraceae,white,1,5,0,0,6,5,h,"Full Sun, Partial Sun, Shade","Dry, Moist","Clay, Loamy, Sandy",http://www.nativeplantcenter.net/wp-content/uploads/2016/05/Ageratina-altissima-Eupatorium-rugosum-3-USFWS-BES.jpg
Autumn Bentgrass,Agrostis Perennans,Agrostis,Poaceae,unknown,1,3,0,0,6,11,h,"Full Sun, Partial Sun, Shade","Dry, Moist, Wet","Clay, Loamy",http://www.nativeplantcenter.net/wp-content/uploads/2016/05/Agrostis-perennans-PLANTS-1997.jpg
Nodding Onion,Allium Cernuum,Allium,Liliaceae,pink,0.5,2.5,0,0,6,17,h,"Full Sun, Partial Sun",Moist,"Loamy, Sandy",http://www.nativeplantcenter.net/wp-content/uploads/2016/05/Allium-cernuum-RHW.jpg
Smooth Alder,Alnus Serrulata,Alnus,Betulaceae,purple,12,20,12,20,12,164,w,Full Sun,"Flooded, Moist, Wet","Clay, Loamy",http://www.nativeplantcenter.net/wp-content/uploads/2016/05/Alnus-serrulata-1-USFWS-BES.jpg
Downy Serviceberry,Amelanchier Arborea,Amelanchier,Rosaceae,white,15,25,0,0,12,91,w,"Partial Sun, Shade","Dry, Moist","Loamy, Sandy",http://www.nativeplantcenter.net/wp-content/uploads/2016/05/Amelanchier-arborea-RHW.jpg
Serviceberry,Amelanchier Canadensis,Amelanchier,Rosaceae,white,35,50,35,50,12,91,w,"Partial Sun, Shade","Moist, Wet","Clay, Loamy, Sandy",http://www.nativeplantcenter.net/wp-content/uploads/2016/05/Amelanchier-can-CM-NRCS.jpg
Dunegrass,Ammophila Breviligulata,Ammophila,Poaceae,unknown,1.5,3.5,0,0,6,2,h,Full Sun,Dry,"Loamy, Sandy",http://www.nativeplantcenter.net/wp-content/uploads/2016/05/Ammophila-breviligulata-UWI-RRK.jpg
Big Bluestem,Andropogon Gerardii,Andropogon,Poaceae,unknown,2,6.5,0,0,6,14,h,"Full Sun, Partial Sun","Dry, Moist, Wet","Clay, Loamy, Sandy",http://www.nativeplantcenter.net/wp-content/uploads/2016/05/Andropogon-gerardii-RHW.jpg
Bushy Bluestem,Andropogon Glomeratus,Andropogon,Poaceae,reddish brown,1.5,5,0,0,6,14,h,"Full Sun, Partial Sun","Moist, Wet","Clay, Loamy, Sandy",http://www.nativeplantcenter.net/wp-content/uploads/2016/05/Andropogon-glomeratus-PLANTS.jpg
Broomsedge,Andropogon Virginicus,Andropogon,Poaceae,reddish brown,1,3,0,0,6,14,h,Full Sun,"Dry, Moist, Wet","Clay, Loamy, Sandy",http://www.nativeplantcenter.net/wp-content/uploads/2016/05/Andropogon-virginicus-PLANTS-JS.jpg
Round-Leaved Anemone,Anemone Canadensis,Anemone,Ranunculaceae,white,0.5,3,0,0,6,2,h,"Full Sun, Partial Sun",Moist,"Clay, Loamy",http://www.nativeplantcenter.net/wp-content/uploads/2016/05/Anemone-canadensis-RHW.jpg
Thimbleweed,Anemone Virginiana,Anemone,Ranunculaceae,whitish,1,2.5,0,0,6,2,h,"Full Sun, Partial Sun","Dry, Moist","Clay, Loamy, Sandy",http://www.nativeplantcenter.net/wp-content/uploads/2016/05/Anemone-virginiana-RHW.jpg
Field Pussytoes,Antennaria Neglecta,Antennaria,Asteraceae,white,0.5,1.5,0,0,6,1,h,"Full Sun, Partial Sun","Dry, Moist","Clay, Loamy",http://www.nativeplantcenter.net/wp-content/uploads/2016/05/Antennaria-neglecta-UWI-JRS.jpg
Eastern Or Wild Columbine,Aquilegia Canadensis,Aquilegia,Ranunculaceae,red-yellow,0.5,3,0,0,6,11,h,"Full Sun, Partial Sun","Dry, Moist",Loamy,http://www.nativeplantcenter.net/wp-content/uploads/2016/05/Aquilegia-canadensis-1-RHW.jpg
Wild Sarsaparilla,Aralia Nudicaulis,Aralia,Araliaceae,white or green,0.5,1.5,0,0,6,6,h,"Partial Sun, Shade","Dry, Moist","Clay, Loamy, Sandy",http://www.nativeplantcenter.net/wp-content/uploads/2016/05/Aralia-nudicaulis-RHW.jpg
Spikenard,Aralia Racemosa,Aralia,Araliaceae,greenish-white,1.5,6.5,0,0,6,6,h,"Partial Sun, Shade",Moist,"Clay, Loamy, Sandy",http://www.nativeplantcenter.net/wp-content/uploads/2016/05/Aralia-racemosa-1-RHW.jpg
Devil'S Walking Stick,Aralia Spinosa,Aralia,Araliaceae,white,20,30,12,20,6,6,h,"Full Sun, Partial Sun","Dry, Moist","Clay, Loamy, Sandy",http://www.nativeplantcenter.net/wp-content/uploads/2016/05/Aralia-spinosa-RHW.jpg
Jack-In-The-Pulpit,Arisaema Triphyllum,Arisaema,Araceae,striped,1,3,0,0,6,1,h,"Partial Sun, Shade","Moist, Wet","Loamy, Sandy",http://www.nativeplantcenter.net/wp-content/uploads/2016/05/DSC_2228-e1465928083710-700x467.jpg
Wild Ginger,Asarum Canadense,Asarum,Aristolochiaceae,brownish-purple,0.5,0.5,0,0,6,1,h,"Partial Sun, Shade",Moist,"Clay, Loamy, Sandy",http://www.nativeplantcenter.net/wp-content/uploads/2016/05/DSC_4235-700x467.jpg
Swamp Milkweed,Asclepias Incarnata,Asclepias,Asclepiadaceae,pink to reddish,4,6,0,0,6,12,h,"Full Sun, Partial Sun","Moist, Wet","Clay, Loamy",http://www.nativeplantcenter.net/wp-content/uploads/2016/05/Asclepias-incarnata-USFWS-RL.jpg
Common Milkweed,Asclepias Syriaca,Asclepias,Asclepiadaceae,pale purple,3.5,6.5,0,0,6,12,h,Full Sun,Dry,"Loamy, Sandy",http://www.nativeplantcenter.net/wp-content/uploads/2016/05/Asclepias-syriaca-1-RHW.jpg
Butterflyweed,Asclepias Tuberosa,Asclepias,Asclepiadaceae,orange,1,3,0,0,6,12,h,"Full Sun, Partial Sun","Dry, Moist","Loamy, Sandy",http://www.nativeplantcenter.net/wp-content/uploads/2016/05/Asclepias-tuberosa-1-USFWS-RL.jpg
Paw-Paw,Asimina Triloba,Asimina,Annonaceae,purple,20,35,20,35,12,12,w,Full Sun,Moist,"Loamy, Sandy",http://www.nativeplantcenter.net/wp-content/uploads/2016/05/Asimina-triloba-1-PLANTS-JSP.jpg
Northern Lady Fern,Athyrium Filix-Femina,Athyrium,Dryopteridaceae,unknown,1,3,0,0,6,2,h,Partial Sun,"Moist, Wet","Loamy, Sandy",http://www.nativeplantcenter.net/wp-content/uploads/2016/05/Athyrium-filix-femina-UWI-KJS.jpg
High-Tide Bush,Baccharis Halimifolia,Baccharis,Asteraceae,white,6,12,6,12,6,19,h,Full Sun,"Dry, Flooded, Moist, Wet","Clay, Loamy, Sandy",http://www.nativeplantcenter.net/wp-content/uploads/2016/05/Baccharis-halimifolia-USFWS-BES.jpg
Wild Blue Indigo,Baptisia Australis,Baptisia,Fabaceae,blue,3,5,0,0,6,19,h,"Full Sun, Partial Sun","Dry, Moist",Sandy,http://www.nativeplantcenter.net/wp-content/uploads/2016/05/Baptisia-australis-1-USFWS-BES.jpg
Yellow Wild Indigo,Baptisia Tinctoria,Baptisia,Fabaceae,yellow,1,3,0,0,6,19,h,"Full Sun, Partial Sun",Dry,"Loamy, Sandy",http://www.nativeplantcenter.net/wp-content/uploads/2016/05/Baptisia-tinctoria-RHW.jpg
Yellow Birch,Betula Alleghaniensis,Betula,Betulaceae,yellow green,60,80,35,50,12,285,w,Partial Sun,"Moist, Wet","Loamy, Sandy",http://www.nativeplantcenter.net/wp-content/uploads/2016/05/Betula-alleghaniensis-PLANTS-RM.jpg
Sweet Birch,Betula Lenta,Betula,Betulaceae,yellow green,50,75,35,50,12,285,w,"Full Sun, Partial Sun","Dry, Moist","Loamy, Sandy",http://www.nativeplantcenter.net/wp-content/uploads/2016/05/Betula-lenta-1-USFWS-BES.jpg
River Birch,Betula Nigra,Betula,Betulaceae,dark brown,50,75,35,50,12,285,w,"Full Sun, Partial Sun","Moist, Wet","Clay, Loamy",http://www.nativeplantcenter.net/wp-content/uploads/2016/05/Betula-nigra-1-USFWS-BES.jpg
Nodding Beggar-Ticks,Bidens Cernua,Bidens,Asteraceae,yellow,0.5,3,0,0,6,14,h,"Full Sun, Partial Sun","Dry, Moist","Clay, Loamy, Sandy",http://www.nativeplantcenter.net/wp-content/uploads/2016/05/Bidens-cernua-RHW.jpg
Bluejoint Reedgrass,Calamagrostis Canadensis,Calamagrostis,Poaceae,unknown,1.5,5,0,0,6,3,h,"Full Sun, Partial Sun","Moist, Wet","Clay, Loamy",http://www.nativeplantcenter.net/wp-content/uploads/2016/05/Calamagrostis-canadensis-PLANTS-1995.jpg
Trumpet Vine,Campsis Radicans,Campsis,Bignoniaceae,orange,30,30,20,35,12,6,w,"Full Sun, Partial Sun","Dry, Moist","Clay, Loamy, Sandy",http://www.nativeplantcenter.net/wp-content/uploads/2016/05/Campsis-radicans-USFWS-BES.jpg
Toothwort,Cardamine Concatenata,Cardamine,Brassicaceae,white,1,1.5,0,0,6,2,h,Shade,Moist,"Loamy, Sandy",http://www.nativeplantcenter.net/wp-content/uploads/2016/05/Cardamine-concatenata-Dentaria-laciniata-RHW.jpg
Long Hair Sedge,Carex Crinita Var. Crinita,Carex,Cyperaceae,unknown,1,5,0,0,6,19,h,"Full Sun, Partial Sun","Moist, Wet","Clay, Loamy",http://www.nativeplantcenter.net/wp-content/uploads/2016/05/Carex-crinita-var-crinita-RHW.jpg
Blue Wood Sedge,Carex Glaucodea,Carex,Cyperaceae,brown to reddish,0.5,2,0,0,6,19,h,"Partial Sun, Shade","Dry, Moist",,http://www.nativeplantcenter.net/wp-content/uploads/2016/05/Carex-glaucodea-1-NYNHP.jpg
Sallow Sedge,Carex Lurida,Carex,Cyperaceae,unknown,1,3.5,0,0,6,19,h,"Full Sun, Partial Sun",Wet,"Clay, Loamy, Sandy",http://www.nativeplantcenter.net/wp-content/uploads/2016/05/Carex-lurida-RHW.jpg
Pennsylvania Sedge,Carex Pensylvanica,Carex,Cyperaceae,reddish to white,0.5,1.5,0,0,6,19,h,"Partial Sun, Shade","Dry, Moist",Sandy,http://www.nativeplantcenter.net/wp-content/uploads/2016/05/Carex-pensylvanica-1-CM-NRCS.jpg
Tussock Sedge,Carex Stricta,Carex,Cyperaceae,reddish to purple brown,1,3.5,0,0,6,19,h,Full Sun,"Flooded, Moist, Wet","Clay, Loamy, Sandy",http://www.nativeplantcenter.net/wp-content/uploads/2016/05/Carex-stricta-CM-NRCS.jpg
Fox Sedge,Carex Vulpinoidea,Carex,Cyperaceae,unknown,0.5,3.5,0,0,6,19,h,"Full Sun, Partial Sun","Flooded, Wet","Clay, Loamy",http://www.nativeplantcenter.net/wp-content/uploads/2016/05/Carex-vulpinoidea-UWI-RWF.jpg
American Hornbeam,Carpinus Caroliniana,Carpinus,Betulaceae,red or reddish-green,13,40,35,50,12,68,w,"Partial Sun, Shade",Moist,"Loamy, Sandy",http://www.nativeplantcenter.net/wp-content/uploads/2016/05/Carpinus-caroliniana-USFWS-BES.jpg
Mockernut Hickory,Carya Alba,Carya,Juglandaceae,light green,60,100,35,50,12,224,w,"Partial Sun, Shade","Dry, Moist","Loamy, Sandy",http://www.nativeplantcenter.net/wp-content/uploads/2016/05/Carya-alba-USDA-NRCS.jpg
Bitternut Hickory,Carya Cordiformis,Carya,Juglandaceae,yellow-green,60,100,60,100,12,224,w,Full Sun,"Moist, Wet","Clay, Loamy, Sandy",http://www.nativeplantcenter.net/wp-content/uploads/2016/05/Carya-cordiformis-PLANTS.jpg
Pignut Hickory,Carya Glabra,Carya,Juglandaceae,yellow-green,60,100,35,50,12,224,w,"Full Sun, Partial Sun","Dry, Moist, Wet",Loamy,http://www.nativeplantcenter.net/wp-content/uploads/2016/05/Carya-glabra-CM-NRCS.jpg
Shagbark Hickory,Carya Ovata,Carya,Juglandaceae,yellow-green,70,100,35,50,12,224,w,Full Sun,Moist,"Loamy, Sandy",http://www.nativeplantcenter.net/wp-content/uploads/2016/05/Carya-ovata-USDA-NRCS.jpg
Chinquapin,Castanea Pumila,Castanea,Fagaceae,pale yellow,12,20,12,20,12,109,w,"Full Sun, Partial Sun",Dry,"Loamy, Sandy",http://www.nativeplantcenter.net/wp-content/uploads/2016/05/Castanea-pumila-RHW.jpg
Blue Cohosh,Caulophyllum Thalictroides,Caulophyllum,Berberidaceae,green-yellow,1,2.5,0,0,6,3,h,"Full Sun, Partial Sun",Moist,Loamy,http://www.nativeplantcenter.net/wp-content/uploads/2016/05/Caulophyllum-thalictroides-RHW.jpg
New Jersey Tea,Ceanothus Americanus,Ceanothus,Rhamnaceae,white,3,3,3,6,12,38,w,"Full Sun, Partial Sun",Dry,"Clay, Loamy, Sandy",http://www.nativeplantcenter.net/wp-content/uploads/2016/05/Ceanothus-americanus-RHW.jpg
American Bittersweet,Celastrus Scandens,Celastrus,Celastraceae,greenish,3,35,6,20,12,6,w,"Full Sun, Partial Sun, Shade","Dry, Moist","Clay, Loamy, Sandy",http://www.nativeplantcenter.net/wp-content/uploads/2016/05/Celastrus-scandens-1-PLANTS-TGB.jpg
Common Hackberry,Celtis Occidentalis,Celtis,Ulmaceae,yellow green,40,100,40,100,12,41,w,"Full Sun, Partial Sun, Shade","Dry, Flooded, Moist, Wet","Clay, Loamy, Sandy",http://www.nativeplantcenter.net/wp-content/uploads/2016/05/Celtis-occidentalis-UWI-KK.jpg
Buttonbush,Cephalanthus Occidentalis,Cephalanthus,Rubiaceae,creamy white,6,12,12,20,12,25,w,"Full Sun, Partial Sun, Shade","Flooded, Moist, Wet","Clay, Loamy, Sandy",http://www.nativeplantcenter.net/wp-content/uploads/2016/05/Cephalanthus-occidentalis-RHW.jpg
Eastern Redbud,Cercis Canadensis,Cercis,Fabaceae,pink to lavender,20,35,20,35,12,22,w,"Partial Sun, Shade","Dry, Moist","Loamy, Sandy",http://www.nativeplantcenter.net/wp-content/uploads/2016/05/Cercis-canadensis-1-USFWS-BES.jpg
Partridge Pea,Chamaecrista Fasciculata,Chamaecrista,Caesalpiniaceae,yellow,0.5,3,0,0,6,7,h,Full Sun,Dry,Sandy,http://www.nativeplantcenter.net/wp-content/uploads/2016/05/Chamaecrista-fasciculata-Cassia-f-RHW.jpg
Atlantic White Cedar,Chamaecyparis Thyoides,Chamaecyparis,Cupressaceae,greenish brown,75,75,0,0,12,14,w,"Partial Sun, Shade","Moist, Wet","Clay, Loamy, Sandy",http://www.nativeplantcenter.net/wp-content/uploads/2016/05/Chamaecyparis-thyoides-1-PLANTS-1997.jpg
Wild Oats,Chasmanthium Latifolium,Chasmanthium,Poaceae,green then tan,2,5,0,0,6,4,h,"Full Sun, Partial Sun","Dry, Moist","Clay, Loamy, Sandy",http://www.nativeplantcenter.net/wp-content/uploads/2016/05/Chasmanthium-latifolium-whole-plant-BES.jpg
White Turtlehead,Chelone Glabra,Chelone,Scrophulariaceae,white,1.5,6.5,0,0,6,4,h,"Full Sun, Partial Sun","Moist, Wet","Clay, Loamy, Sandy",http://www.nativeplantcenter.net/wp-content/uploads/2016/05/Chelone-glabra-RHW.jpg
Striped Wintergreen,Chimaphila Maculata,Chimaphila,Pyrolaceae,white,0.5,0.5,0,0,6,2,h,"Partial Sun, Shade",Dry,"Clay, Loamy, Sandy",http://www.nativeplantcenter.net/wp-content/uploads/2016/05/Chimaphila-maculata-RHW.jpg
White Fringetree,Chionanthus Virginicus,Chionanthus,Oleaceae,white,20,35,20,35,12,11,w,"Full Sun, Partial Sun, Shade","Dry, Moist","Loamy, Sandy",http://www.nativeplantcenter.net/wp-content/uploads/2016/05/Chionanthus-virginicus-1-USFWS-RS.jpg
Golden Aster,Chrysopsis Mariana,Chrysopsis,Asteraceae,yellow,0.5,2.5,0,0,6,3,h,"Full Sun, Partial Sun",Dry,Sandy,http://www.nativeplantcenter.net/wp-content/uploads/2016/05/Chrysopsis-mariana-RHW.jpg
Leather Flower,Clematis Viorna,Clematis,Ranunculaceae,purple,6,6,0,0,6,10,h,"Partial Sun, Shade","Dry, Moist",,http://www.nativeplantcenter.net/wp-content/uploads/2016/05/Clematis-viorna-RHW.jpg
Virgin'S Bower,Clematis Virginiana,Clematis,Ranunculaceae,white,6,20,6,12,6,10,h,"Full Sun, Partial Sun, Shade","Dry, Moist","Clay, Loamy, Sandy",http://www.nativeplantcenter.net/wp-content/uploads/2016/05/Clematis-virginiana-USFWS-BES.jpg
Sweet Pepperbush,Clethra Alnifolia,Clethra,Clethraceae,white/ pink,6,12,3,6,12,10,w,"Partial Sun, Shade","Moist, Wet","Clay, Loamy, Sandy",http://www.nativeplantcenter.net/wp-content/uploads/2016/05/Clethra-alnifolia-USFWS.jpg
Maryland Butterfly Pea,Clitoria Mariana,Clitoria,Fabaceae,pale blue or pinkish,6,6,0,0,6,3,h,"Full Sun, Partial Sun",Dry,Sandy,http://www.nativeplantcenter.net/wp-content/uploads/2016/05/Clitoria-mariana-RHW.jpg
Sweetfern,Comptonia Peregrina,Comptonia,Myricacea,yellow-green,3,3,3,6,12,47,w,"Full Sun, Partial Sun",Dry,"Loamy, Sandy",http://www.nativeplantcenter.net/wp-content/uploads/2016/05/Comptonia-peregrina-USFWS-BES.jpg
Tall Coreopsis,Coreopsis Tripteris,Coreopsis,Asteraceae,yellow,3.5,10,0,0,6,5,h,"Full Sun, Partial Sun","Dry, Moist","Loamy, Sandy",http://www.nativeplantcenter.net/wp-content/uploads/2016/05/Coreopsis-tripteris-RHW.jpg
Threadleaf Coreopsis,Coreopsis Verticillata,Coreopsis,Asteraceae,yellow,0.5,3.5,0,0,6,5,h,"Full Sun, Partial Sun","Dry, Moist",Loamy,http://www.nativeplantcenter.net/wp-content/uploads/2016/05/Coreopsis-verticillata-USFWS-BES.jpg
Alternate-Leaf Dogwood,Cornus Alternifolia,Cornus,Cornaceae,creamy white,15,25,15,35,12,103,w,"Partial Sun, Shade",Moist,Loamy,http://www.nativeplantcenter.net/wp-content/uploads/2016/05/Cornus-alternifolia-CM-NRCS.jpg
Silky Dogwood,Cornus Amomum,Cornus,Cornaceae,white,6,12,6,12,12,103,w,"Full Sun, Partial Sun","Moist, Wet","Clay, Loamy, Sandy",http://www.nativeplantcenter.net/wp-content/uploads/2016/05/Cornus-amomum-RHW.jpg
Flowering Dogwood,Cornus Florida,Cornus,Cornaceae,white,20,50,20,50,12,103,w,Partial Sun,"Dry, Moist",Loamy,http://www.nativeplantcenter.net/wp-content/uploads/2016/05/DSC_4224-700x467.jpg
Red-Panicled Dogwood,Cornus Racemosa,Cornus,Cornaceae,white,6,12,6,12,12,103,w,"Full Sun, Partial Sun, Shade","Dry, Moist","Clay, Loamy",http://www.nativeplantcenter.net/wp-content/uploads/2016/05/Cornus-racemosa-1-UWI-KJS.jpg
American Hazelnut Or Filbert,Corylus Americana,Corylus,Betulaceae,brown or red,10,15,6,12,12,102,w,Partial Sun,"Dry, Moist","Clay, Loamy",http://www.nativeplantcenter.net/wp-content/uploads/2016/05/Corylus-americana-1-UCONN.jpg
Cockspur Hawthorn,Crataegus Crus-Galli,Crataegus,Rosaceae,white,20,35,20,35,12,123,w,"Full Sun, Partial Sun","Dry, Moist","Clay, Loamy, Sandy",http://www.nativeplantcenter.net/wp-content/uploads/2016/05/Crataegus-crus-galli-USDA-JE.jpg
Southern Thorn,Crataegus Viridis,Crataegus,Rosaceae,white,20,35,0,0,12,123,w,"Partial Sun, Shade","Moist, Wet","Clay, Loamy",http://www.nativeplantcenter.net/wp-content/uploads/2016/05/Crataegus-viridis-PLANTS.jpg
Poverty Oatgrass,Danthonia Spicata,Danthonia,Poaceae,unknown,0.5,2,0,0,6,2,h,"Full Sun, Partial Sun, Shade","Dry, Moist",Sandy,http://www.nativeplantcenter.net/wp-content/uploads/2016/05/Danthonia-spicata-poverty-oatgrass-cUWI-Robert-W-Freckmann.jpg
Hay-Scented Fern,Dennstaedtia Punctilobula,Dennstaedtia,Dennstaedtiaceae,unknown,1,3,0,0,6,3,h,"Full Sun, Partial Sun","Dry, Moist",Loamy,http://www.nativeplantcenter.net/wp-content/uploads/2016/05/Dennstaedtia-punctiloba-UWI-RWF.jpg
Panicled Or Narrow-Leaf Tick-Trefoil,Desmodium Paniculatum,Desmodium,Fabaceae,purplish or green,1,3.5,0,0,6,17,h,"Full Sun, Partial Sun",Dry,"Clay, Loamy",http://www.nativeplantcenter.net/wp-content/uploads/2016/05/Desmodium-paniculatum-RHW.jpg
Deer-Tongue,Dichanthelium Clandestinum,Dichanthelium,Poaceae,unknown,2,5,0,0,6,4,h,"Full Sun, Partial Sun","Dry, Moist, Wet","Clay, Loamy, Sandy",http://www.nativeplantcenter.net/wp-content/uploads/2016/05/Dichanthelium-clandestinum-USDA-JE.jpg
Variable Panicgrass,Dichanthelium Commutatum,Dichanthelium,Poaceae,unknown,1,2.5,0,0,6,4,h,"Partial Sun, Shade","Dry, Moist","Loamy, Sandy",http://www.nativeplantcenter.net/wp-content/uploads/2016/05/Dichanthelium-commutatum-PLANTS-1997.jpg
Common Persimmon,Diospyros Virginiana,Diospyros,Ebenaceae,greenish yellow to cream,50,75,35,50,12,47,w,"Full Sun, Partial Sun","Dry, Moist","Clay, Loamy",http://www.nativeplantcenter.net/wp-content/uploads/2016/05/Diospyros-virginiana-1-PLANTS-1997.jpg
Saltgrass,Distichlis Spicata,Distichlis,Poaceae,unknown,0.5,1.5,0,0,6,4,h,Full Sun,"Flooded, Moist, Wet","Clay, Loamy",http://www.nativeplantcenter.net/wp-content/uploads/2016/05/Distichlis-spicata-UWI-EJJ.jpg
Flat-Top White Aster,Doellingeria Umbellata Var. Umbellata,Doellingeria,Asteraceae,white,1,7.5,0,0,6,11,h,"Full Sun, Partial Sun","Moist, Wet","Loamy, Sandy",http://www.nativeplantcenter.net/wp-content/uploads/2016/05/Doellingeria-umbellatus-Aster-u-RHW.jpg
Toothed Or Spinulose Woodfern,Dryopteris Carthusiana,Dryopteris,Aspleniaceae,unknown,1,2.5,0,0,6,2,h,"Partial Sun, Shade","Moist, Wet",Loamy,http://www.nativeplantcenter.net/wp-content/uploads/2016/05/Dryopteris-carthusiana-UWI-RWF.jpg
Crested Woodfern,Dryopteris Cristata,Dryopteris,Aspleniaceae,unknown,1.5,2.5,0,0,6,2,h,"Full Sun, Partial Sun, Shade","Moist, Wet","Clay, Loamy",http://www.nativeplantcenter.net/wp-content/uploads/2016/05/Dryopteris-cristata-UWI-RWF.jpg
Evergreen Wood-Fern,Dryopteris Intermedia,Dryopteris,Aspleniaceae,unknown,2.5,2.5,0,0,6,2,h,"Partial Sun, Shade","Dry, Moist, Wet",Loamy,http://www.nativeplantcenter.net/wp-content/uploads/2016/05/Dryopteris-intermedia-UWI-EJJ.jpg
Marginal Shield Fern,Dryopteris Marginalis,Dryopteris,Aspleniaceae,unknown,1,3,0,0,6,2,h,"Partial Sun, Shade","Dry, Moist","Clay, Loamy, Sandy",http://www.nativeplantcenter.net/wp-content/uploads/2016/05/Dryopteris-marginalis-UWI-RWF.jpg
Canada Wild Rye,Elymus Canadensis,Elymus,Poaceae,unknown,2,6.5,0,0,6,14,h,Full Sun,"Dry, Moist","Clay, Loamy, Sandy",http://www.nativeplantcenter.net/wp-content/uploads/2016/05/Elymus-canadensis-CM-NRCS.jpg
Bottlebrush Grass,Elymus Hystrix,Elymus,Poaceae,unknown,2,4,0,0,6,14,h,"Full Sun, Partial Sun, Shade",Moist,Loamy,http://www.nativeplantcenter.net/wp-content/uploads/2016/05/Elymus-hystrix-RHW.jpg
Riverbank Wild-Rye,Elymus Riparius,Elymus,Poaceae,unknown,0.5,5,0,0,6,14,h,"Full Sun, Partial Sun","Dry, Moist, Wet","Clay, Loamy, Sandy",http://www.nativeplantcenter.net/wp-content/uploads/2016/05/Elymus-riparius-UWI-EJJ.jpg
Virginia Wild Rye,Elymus Virginicus,Elymus,Poaceae,unknown,1,5.5,0,0,6,14,h,"Partial Sun, Shade","Dry, Moist","Clay, Loamy, Sandy",http://www.nativeplantcenter.net/wp-content/uploads/2016/05/Elymus-virginicus-CM-NRCS.jpg
Robin'S Plantain,Erigeron Pulchellus,Erigeron,Asteraceae,blue,0.5,1.5,0,0,6,25,h,Partial Sun,"Dry, Moist","Loamy, Sandy",http://www.nativeplantcenter.net/wp-content/uploads/2016/05/Erigeron-pulchellus-RHW.jpg
Joe-Pye Weed,Eupatorium Dubium,Eupatorium,Asteraceae,purple,2,5,0,0,6,38,h,"Full Sun, Partial Sun","Moist, Wet",Sandy,http://www.nativeplantcenter.net/wp-content/uploads/2016/05/Eupatorium-dubium-RHW.jpg
Joe-Pye Weed,Eupatorium Fistulosum,Eupatorium,Asteraceae,pink-purple,1.5,10,0,0,6,38,h,"Full Sun, Partial Sun","Dry, Moist, Wet","Clay, Loamy",http://www.nativeplantcenter.net/wp-content/uploads/2016/05/Eupatorium-fistulosum-RHW.jpg
Hyssop-Leaved Thoroughwort,Eupatorium Hyssopifolium,Eupatorium,Asteraceae,white,1,4.5,0,0,6,38,h,"Full Sun, Partial Sun","Dry, Moist",Sandy,http://www.nativeplantcenter.net/wp-content/uploads/2016/05/Eupatorium-hyssopifolium-RHW.jpg
Spotted Joe-Pye Weed,Eupatorium Maculatum,Eupatorium,Asteraceae,purple to pale lavender,2,6.5,0,0,6,38,h,"Full Sun, Partial Sun",Moist,"Clay, Loamy",http://www.nativeplantcenter.net/wp-content/uploads/2016/05/Eupatorium-maculatum-CAB.jpg
Common Boneset,Eupatorium Perfoliatum,Eupatorium,Asteraceae,white,1,5,0,0,6,38,h,"Full Sun, Partial Sun, Shade","Moist, Wet","Clay, Loamy, Sandy",http://www.nativeplantcenter.net/wp-content/uploads/2016/05/Eupatorium-perfoliatum-RHW.jpg
Green-Stemmed Joe-Pye Weed,Eupatorium Purpureum,Eupatorium,Asteraceae,pink,2,6.5,0,0,6,38,h,"Full Sun, Partial Sun","Dry, Moist","Clay, Loamy, Sandy",http://www.nativeplantcenter.net/wp-content/uploads/2016/05/Eupatorium-purpureum-RHW.jpg
White Wood Aster,Eurybia Divaricata,Eurybia,Asteraceae,white,0.5,3,0,0,6,1,h,"Partial Sun, Shade","Dry, Moist",,http://www.nativeplantcenter.net/wp-content/uploads/2016/05/Eurybia-divaricatus-Aster-d-1-RHW.jpg
American Beech,Fagus Grandifolia,Fagus,Fagaceae,yellow-green,50,100,50,75,12,125,w,"Full Sun, Partial Sun",Moist,"Loamy, Sandy",http://www.nativeplantcenter.net/wp-content/uploads/2016/05/Fagus-grandifolia-1-CM-NRCS.jpg
Red Fescue,Festuca Rubra,Festuca,Poaceae,unknown,0.5,3,0,0,6,4,h,"Full Sun, Partial Sun","Moist, Wet","Clay, Loamy",http://www.nativeplantcenter.net/wp-content/uploads/2016/05/Festuca-rubra-RS-MNPS.jpg
White Ash,Fraxinus Americana,Fraxinus,Oleaceae,deep purple,50,100,50,75,12,124,w,"Full Sun, Partial Sun",Moist,"Clay, Loamy, Sandy",http://www.nativeplantcenter.net/wp-content/uploads/2016/05/Fraxinus-americana-UWI-KJS-1.jpg
Green Ash,Fraxinus Pennsylvanica,Fraxinus,Oleaceae,purple,50,75,35,50,12,124,w,"Full Sun, Partial Sun","Dry, Flooded, Moist, Wet","Clay, Loamy, Sandy",http://www.nativeplantcenter.net/wp-content/uploads/2016/05/Fraxinus-americana-UWI-KJS.jpg
Wintergreen,Gaultheria Procumbens,Gaultheria,Pyrolaceae,white to pink,0.5,0.5,3,3,12,1,w,"Partial Sun, Shade","Dry, Moist","Loamy, Sandy",http://www.nativeplantcenter.net/wp-content/uploads/2016/05/Gaultheria-procumbens-1-RHW.jpg
Black Huckleberry,Gaylussacia Baccata,Gaylussacia,Ericaceae,white to pink,1.5,3,1,3,12,39,w,"Partial Sun, Shade","Dry, Moist, Wet","Clay, Loamy, Sandy",http://www.nativeplantcenter.net/wp-content/uploads/2016/05/Gaylussacia-baccata-RHW.jpg
Dangleberry,Gaylussacia Frondosa,Gaylussacia,Ericaceae,greenish to purple,2,4,2,4,12,39,w,"Full Sun, Partial Sun, Shade","Dry, Moist, Wet",Sandy,http://www.nativeplantcenter.net/wp-content/uploads/2016/05/Gaylussacia-frondosa-CM-NRCS.jpg
Closed Gentian,Gentiana Clausa,Gentiana,Gentianaceae,blue,1,3.5,0,0,6,1,h,Partial Sun,"Moist, Wet",Loamy,http://www.nativeplantcenter.net/wp-content/uploads/2016/05/Gentiana-clausa-USFWS-BES.jpg
Wild Geranium,Geranium Maculatum,Geranium,Geraniaceae,lavender or pink,1,2,0,0,6,24,h,"Full Sun, Partial Sun","Dry, Moist",Loamy,http://www.nativeplantcenter.net/wp-content/uploads/2016/05/DSC_2251-700x467.jpg
Witch Hazel,Hamamelis Virginiana,Hamamelis,Hamamelidaceae,yellow,15,30,20,30,12,68,w,"Partial Sun, Shade","Dry, Moist","Clay, Loamy, Sandy",http://www.nativeplantcenter.net/wp-content/uploads/2016/05/Hamamelis-virginiana-RHW.jpg
Yellow Sneezeweed,Helenium Autumnale,Helenium,Asteraceae,yellow,1.5,6,0,0,6,6,h,"Full Sun, Partial Sun, Shade",Moist,"Clay, Loamy, Sandy",http://www.nativeplantcenter.net/wp-content/uploads/2016/05/Helenium-autumnale-USFWS-BES.jpg
Swamp Sunflower,Helianthus Angustifolius,Helianthus,Asteraceae,yellow,1.5,5.5,0,0,6,57,h,Full Sun,"Moist, Wet","Loamy, Sandy",http://www.nativeplantcenter.net/wp-content/uploads/2016/05/Helianthus-angusjpgolius-RHW.jpg
Ten-Petaled Sunflower,Helianthus Decapetalus,Helianthus,Asteraceae,yellow,1.5,5,0,0,6,57,h,"Full Sun, Partial Sun",Moist,Sandy,http://www.nativeplantcenter.net/wp-content/uploads/2016/05/Helianthus-decapetalus-BZ.jpg
Woodland Sunflower,Helianthus Divaricatus,Helianthus,Asteraceae,yellow,1.5,6.5,0,0,6,57,h,Partial Sun,"Dry, Moist",Sandy,http://www.nativeplantcenter.net/wp-content/uploads/2016/05/Helianthus-divaricatus-RHW.jpg
Oxeye Sunflower,Heliopsis Helianthoides,Heliopsis,Asteraceae,pale yellow,1,5,0,0,6,1,h,"Full Sun, Partial Sun","Dry, Moist","Loamy, Sandy",http://www.nativeplantcenter.net/wp-content/uploads/2016/05/Heliopsis-helianthoides-RHW.jpg
Cow Parsnip,Heracleum Maximum,Heracleum,Apiaceae,white to pink,3.5,10,0,0,6,4,h,Full Sun,"Moist, Wet","Clay, Loamy, Sandy",http://www.nativeplantcenter.net/wp-content/uploads/2016/05/Heracleum-maximum-RHW.jpg
Rose Mallow,Hibiscus Moscheutos,Hibiscus,Malvaceae,cream,3,6,0,0,6,25,h,"Full Sun, Partial Sun","Flooded, Moist, Wet","Clay, Loamy",http://www.nativeplantcenter.net/wp-content/uploads/2016/05/Hibiscus-moscheutos-CM-NRCS.jpg
Bluet,Houstonia Caerulea,Houstonia,Rubiaceae,blue,0.5,1,0,0,6,1,h,"Full Sun, Partial Sun",Moist,,http://www.nativeplantcenter.net/wp-content/uploads/2016/05/DSC_2166_1-700x467-1465927014.jpg
Wild Or Smooth Hydrangea,Hydrangea Arborescens,Hydrangea,Hydrangeaceae,white,3,6,3,9,12,9,w,"Partial Sun, Shade",Moist,"Loamy, Sandy",http://www.nativeplantcenter.net/wp-content/uploads/2016/05/Hydrangea-arborescens-RHW.jpg
Virginia Waterleaf,Hydrophyllum Virginianum,Hydrophyllum,Hydrophyllaceae,lavender,1,2.5,0,0,6,1,h,"Partial Sun, Shade",Moist,"Clay, Loamy, Sandy",http://www.nativeplantcenter.net/wp-content/uploads/2016/05/Hydrophyllum-virginianum-RHW.jpg
Dense St. John'S Wort,Hypericum Densiflorum,Hypericum,Clusiaceae,yellow,1.5,6,3,6,6,16,h,Full Sun,"Dry, Moist, Wet","Clay, Loamy, Sandy",http://www.nativeplantcenter.net/wp-content/uploads/2016/05/Hypericum-densiflorum-RHW.jpg
Inkberry,Ilex Glabra,Ilex,Aquifoliaceae,greenish white,6,10,6,10,12,44,w,"Full Sun, Partial Sun, Shade","Dry, Moist","Clay, Loamy, Sandy",http://www.nativeplantcenter.net/wp-content/uploads/2016/05/Ilex-glabra-1-USFWS-BES.jpg
Smooth Winterberry,Ilex Laevigata,Ilex,Aquifoliaceae,white to cream,10,12,0,0,12,44,w,"Full Sun, Partial Sun",Moist,"Clay, Loamy, Sandy",http://www.nativeplantcenter.net/wp-content/uploads/2016/05/Ilex-laevigata-1-RHW.jpg
American Holly,Ilex Opaca,Ilex,Aquifoliaceae,white or cream,15,50,18,40,12,44,w,"Full Sun, Partial Sun, Shade",Moist,"Clay, Loamy",http://www.nativeplantcenter.net/wp-content/uploads/2016/05/Ilex-opaca-CM-NRCS.jpg
Winterberry,Ilex Verticillata,Ilex,Aquifoliaceae,greenish white,6,12,3,12,12,44,w,"Full Sun, Partial Sun, Shade","Moist, Wet","Clay, Loamy, Sandy",http://www.nativeplantcenter.net/wp-content/uploads/2016/05/Ilex-verticillata-USFWS-BES.jpg
Jewelweed,Impatiens Capensis,Impatiens,Balsaminaceae,orange,1.5,5,0,0,6,13,h,"Partial Sun, Shade","Moist, Wet","Clay, Loamy, Sandy",http://www.nativeplantcenter.net/wp-content/uploads/2016/05/Impatiens-capensis-USFWS-BES.jpg
Stiff-Leaf Aster,Ionactis Linariifolius,Ionactis,Asteraceae,blue,0.5,2,0,0,6,1,h,Full Sun,"Dry, Moist",Sandy,http://www.nativeplantcenter.net/wp-content/uploads/2016/05/Ionactis-linariifolius-Aster-l-RHW.jpg
Slender Blueflag,Iris Prismatica,Iris,Iridaceae,blue,1,3,0,0,6,13,h,"Full Sun, Partial Sun","Flooded, Moist, Wet",,http://www.nativeplantcenter.net/wp-content/uploads/2016/05/Iris-prismatica-RHW.jpg
Blue Flag,Iris Versicolor,Iris,Iridaceae,blue,3,3,0,0,6,13,h,"Full Sun, Partial Sun","Flooded, Moist, Wet","Loamy, Sandy",http://www.nativeplantcenter.net/wp-content/uploads/2016/05/Iris-versicolor-RHW.jpg
Virginia Blue Flag,Iris Virginica,Iris,Iridaceae,blue,1,2,0,0,6,13,h,"Full Sun, Partial Sun","Flooded, Wet","Clay, Loamy",http://www.nativeplantcenter.net/wp-content/uploads/2016/05/Iris-virginica-RHW.jpg
Tassel-White,Itea Virginica,Itea,Grossulariacea,white,6,10,6,10,6,2,h,"Full Sun, Partial Sun, Shade","Flooded, Moist, Wet","Clay, Loamy, Sandy",http://www.nativeplantcenter.net/wp-content/uploads/2016/05/Itea-virginica-USFWS-BES.jpg
Marsh Elder,Iva Frutescens,Iva,Asteraceae,greenish white,2,10,6,12,6,2,h,Full Sun,"Dry, Moist","Clay, Loamy, Sandy",http://www.nativeplantcenter.net/wp-content/uploads/2016/05/Iva-frutescens-1-PLANTS-LA.jpg
Black Walnut,Juglans Nigra,Juglans,Juglandaceae,yellow-green,70,90,75,100,12,124,w,Full Sun,Moist,Loamy,http://www.nativeplantcenter.net/wp-content/uploads/2016/05/Juglans-nigra-PLANTS-DEH.jpg
Canada Rush,Juncus Canadensis,Juncus,Juncaceae,greenish brown,1,4,0,0,6,8,h,"Full Sun, Partial Sun","Flooded, Moist, Wet","Clay, Loamy, Sandy",http://www.nativeplantcenter.net/wp-content/uploads/2016/05/Juncus-canadensis-UWI-AH.jpg
Soft Rush,Juncus Effusus,Juncus,Juncaceae,greenish brown,1,4,0,0,6,8,h,"Full Sun, Partial Sun","Flooded, Moist, Wet","Clay, Loamy, Sandy",http://www.nativeplantcenter.net/wp-content/uploads/2016/05/Juncus-effusus-1-CM-NRCS.jpg
Black Needlerush,Juncus Roemerianus,Juncus,Juncaceae,yellow-green,1,4,0,0,6,8,h,Full Sun,"Moist, Wet","Clay, Loamy",http://www.nativeplantcenter.net/wp-content/uploads/2016/05/Juncus-roemerianus-PLANTS-LA.jpg
Eastern Red Cedar,Juniperus Virginiana,Juniperus,Cupressaceae,red purple,50,75,35,50,12,26,w,Full Sun,"Dry, Moist","Clay, Loamy, Sandy",http://www.nativeplantcenter.net/wp-content/uploads/2016/05/Juniperus-virginiana-1-RHW.jpg
American Water-Willow,Justicia Americana,Justicia,Acanthaceae,white with purple,1,3,0,0,6,4,h,Full Sun,"Flooded, Wet","Clay, Loamy, Sandy",http://www.nativeplantcenter.net/wp-content/uploads/2016/05/Justicia-americana-RHW.jpg
Sheep Laurel,Kalmia Angustifolia,Kalmia,Ericaceae,white,2,3,3,6,12,25,w,"Full Sun, Partial Sun, Shade","Moist, Wet","Clay, Loamy, Sandy",http://www.nativeplantcenter.net/wp-content/uploads/2016/05/Kalmia-angustifolia-RHW.jpg
Mountain Laurel,Kalmia Latifolia,Kalmia,Ericaceae,white to pink/purple,12,20,12,20,12,25,w,"Full Sun, Partial Sun, Shade","Dry, Moist, Wet","Clay, Loamy, Sandy",http://www.nativeplantcenter.net/wp-content/uploads/2016/05/Kalmia-latifolia-USFWS-BES.jpg
Seashore Mallow,Kosteletzkya Virginica,Kosteletzkya,Malvaceae,pink,1.5,4.5,0,0,6,1,h,Full Sun,"Flooded, Wet",,http://www.nativeplantcenter.net/wp-content/themes/alliance/img/no-img.png
Rice Cutgrass,Leersia Oryzoides,Leersia,Poaceae,unknown,5,5,0,0,6,3,h,"Full Sun, Partial Sun","Flooded, Moist, Wet","Clay, Loamy, Sandy",http://www.nativeplantcenter.net/wp-content/uploads/2016/05/Leersia-oryzoides-PLANTS-1995.jpg
Round-Head Bush Clover,Lespedeza Capitata,Lespedeza,Fabaceae,yellowish white,2,6,0,0,6,20,h,Full Sun,Dry,"Loamy, Sandy",http://www.nativeplantcenter.net/wp-content/uploads/2016/05/Lespedeza-capitata-UWI-KJS.jpg
Grass-Leaf Blazingstar,Liatris Pilosa Var. Pilosa,Liatris,Asteraceae,purple,1,3.5,0,0,6,4,h,"Full Sun, Partial Sun","Dry, Moist","Clay, Loamy, Sandy",http://www.nativeplantcenter.net/wp-content/uploads/2016/05/Liatris-pilosa-v-pilosa-L-graminifolia-RHW.jpg
Eastern Blazing Star,Liatris Scariosa,Liatris,Asteraceae,lavender to rose-purple,1,3.5,0,0,6,4,h,"Full Sun, Partial Sun","Dry, Moist","Loamy, Sandy",http://www.nativeplantcenter.net/wp-content/uploads/2016/05/Liatris-scariosa-RHW.jpg
Gayfeather,Liatris Spicata,Liatris,Asteraceae,rose-purple or white,1,6.5,0,0,6,4,h,"Full Sun, Partial Sun","Dry, Moist","Clay, Loamy, Sandy",http://www.nativeplantcenter.net/wp-content/uploads/2016/05/Liatris-spicata-USFWS-RL.jpg
Plains Blazing Star,Liatris Squarrosa,Liatris,Asteraceae,rose,0.5,2.5,0,0,6,4,h,"Full Sun, Partial Sun",Moist,"Loamy, Sandy",http://www.nativeplantcenter.net/wp-content/uploads/2016/05/Liatris-squarrosa-RHW.jpg
Canada Lily,Lilium Canadense,Lilium,Liliaceae,yellow,1.5,6.5,0,0,6,9,h,"Full Sun, Partial Sun","Moist, Wet",Loamy,http://www.nativeplantcenter.net/wp-content/uploads/2016/05/Lilium-canadense-RHW.jpg
Wood Lily,Lilium Philadelphicum,Lilium,Liliaceae,yellow,1,3.5,0,0,6,9,h,"Full Sun, Partial Sun",Dry,"Loamy, Sandy",http://www.nativeplantcenter.net/wp-content/uploads/2016/05/Lilium-philadelphicum-RHW.jpg
Turk'S Cap Lily,Lilium Superbum,Lilium,Liliaceae,yellow-orange,4,8,0,0,6,9,h,"Full Sun, Partial Sun","Moist, Wet","Loamy, Sandy",http://www.nativeplantcenter.net/wp-content/uploads/2016/05/Lilium-superbum-RS-MNPS.jpg
Sea Lavender,Limonium Carolinianum,Limonium,Plumbaginaceae,lavender,0.5,2,0,0,6,5,h,Full Sun,"Moist, Wet","Clay, Loamy, Sandy",http://www.nativeplantcenter.net/wp-content/uploads/2016/05/Limonium-carolinianum-PLANTS-LA.jpg
Spicebush,Lindera Benzoin,Lindera,Lauraceae,yellow,6.5,16,6,12,12,12,w,"Partial Sun, Shade","Moist, Wet","Loamy, Sandy",http://www.nativeplantcenter.net/wp-content/uploads/2016/05/Lindera-benzoin-1-CM-NRCS.jpg
Sweet Gum,Liquidambar Styraciflua,Liquidambar,Hamamelidaceae,yellow-green,60,100,50,75,12,34,w,"Full Sun, Partial Sun","Moist, Wet","Clay, Loamy, Sandy",http://www.nativeplantcenter.net/wp-content/uploads/2016/05/Liquidambar-styraciflua-CM-NRCS.jpg
Tulip Tree,Liriodendron Tulipifera,Liriodendron,Magnoliaceae,greenish yellow,70,100,35,50,12,19,w,"Full Sun, Partial Sun",Moist,"Loamy, Sandy",http://www.nativeplantcenter.net/wp-content/uploads/2016/05/Liriodendron-tulipiera-RHW.jpg
Cardinal Flower,Lobelia Cardinalis,Lobelia,Campanulaceae,red,2,4,0,0,6,5,h,"Full Sun, Partial Sun","Moist, Wet","Clay, Loamy",http://www.nativeplantcenter.net/wp-content/uploads/2016/05/Lobelia-cardinalis-RHW.jpg
Great Blue Lobelia,Lobelia Siphilitica,Lobelia,Campanulaceae,blue,1,5,0,0,6,5,h,"Full Sun, Partial Sun, Shade","Moist, Wet","Clay, Loamy, Sandy",http://www.nativeplantcenter.net/wp-content/uploads/2016/05/Lobelia-siphilitica-1-RHW.jpg
Trumpet Or Coral Honeysuckle,Lonicera Sempervirens,Lonicera,Caprifoliaceae,coral to red with yellow,10,20,6,12,12,30,w,"Full Sun, Partial Sun","Dry, Moist","Clay, Loamy, Sandy",http://www.nativeplantcenter.net/wp-content/uploads/2016/05/Lonicera-sempervirens-1-RHW.jpg
Lupine,Lupinus Perennis,Lupinus,Fabaceae,blue,1,2,0,0,6,24,h,"Full Sun, Partial Sun","Dry, Moist",Sandy,http://www.nativeplantcenter.net/wp-content/uploads/2016/05/Lupinus-perennis-RHW.jpg
Male-Berry,Lyonia Ligustrina,Lyonia,Ericaceae,white,6,12,12,20,12,10,w,"Partial Sun, Shade",Moist,"Clay, Loamy, Sandy",http://www.nativeplantcenter.net/wp-content/uploads/2016/05/Lyonia-ligustrina-RHW.jpg
Stagger-Bush,Lyonia Mariana,Lyonia,Ericaceae,white,0.5,6.5,0,0,12,10,w,"Partial Sun, Shade","Dry, Moist",Sandy,http://www.nativeplantcenter.net/wp-content/uploads/2016/05/Lyonia-mariana-1-RHW.jpg
Cucumber Magnolia,Magnolia Acuminata,Magnolia,Magnoliaceae,greenish-yellow,70,100,35,50,12,19,w,Full Sun,Moist,"Clay, Loamy, Sandy",http://www.nativeplantcenter.net/wp-content/uploads/2016/05/Magnolia-acuminata-1-DFT-DL.jpg
Sweetbay Magnolia,Magnolia Virginiana,Magnolia,Magnoliaceae,white to cream,12,30,12,30,12,19,w,"Full Sun, Partial Sun, Shade","Moist, Wet","Clay, Loamy, Sandy",http://www.nativeplantcenter.net/wp-content/uploads/2016/05/Magnolia-virginiana-1-RHW.jpg
Canada Mayflower,Maianthemum Canadense,Maianthemum,Liliaceae,white,0.5,0.5,0,0,6,4,h,"Partial Sun, Shade",Moist,"Clay, Loamy, Sandy",http://www.nativeplantcenter.net/wp-content/uploads/2016/05/Maianthemum-canadense-RHW.jpg
False Solomon'S Seal,Maianthemum Racemosum Ssp. Racemosum,Maianthemum,Liliaceae,white,1,3.5,0,0,6,4,h,"Partial Sun, Shade",Moist,"Clay, Loamy, Sandy",http://www.nativeplantcenter.net/wp-content/uploads/2016/05/Maianthemum-racemosum-Smilacina-racemosa-1-PLANTS-JA.jpg
Sweet Crabapple,Malus Coronaria,Malus,Rosaceae,pink to white,10,30,20,30,12,233,w,Full Sun,Moist,"Clay, Loamy, Sandy",http://www.nativeplantcenter.net/wp-content/uploads/2016/05/Malus-coronaria-PLANTS-WSJ.jpg
Virginia Bluebells,Mertensia Virginica,Mertensia,Boraginaceae,pink turning blue,1,2.5,0,0,6,1,h,"Partial Sun, Shade","Moist, Wet","Clay, Loamy",http://www.nativeplantcenter.net/wp-content/uploads/2016/05/DSC_1967-copy_1.jpg
Climbing Hempvine,Mikania Scandens,Mikania,Asteraceae,pink or whitish,15,15,0,0,6,2,h,Partial Sun,"Moist, Wet","Clay, Loamy",http://www.nativeplantcenter.net/wp-content/uploads/2016/05/Mikania-scandens-RHW.jpg
Monkeyflower,Mimulus Ringens,Mimulus,Scrophulariaceae,blue,1,3,0,0,6,5,h,"Full Sun, Partial Sun",Wet,Loamy,http://www.nativeplantcenter.net/wp-content/uploads/2016/05/Mimulus-ringens-RHW.jpg
Wild Bergamot,Monarda Bradburiana,Monarda,Lamiaceae,pink to purple,1.5,5,0,0,6,9,h,"Full Sun, Partial Sun","Dry, Moist","Clay, Loamy",http://www.nativeplantcenter.net/wp-content/uploads/2016/05/Monarda-bradburiana-M-fistulosa-RS-MNPS.jpg
Beebalm,Monarda Didyma,Monarda,Lamiaceae,red,2,5,0,0,6,9,h,"Full Sun, Partial Sun","Moist, Wet",Loamy,http://www.nativeplantcenter.net/wp-content/uploads/2016/05/DSC_3974-700x467.jpg
Horsemint,Monarda Punctata,Monarda,Lamiaceae,yellow and purple,0.5,3.5,0,0,6,9,h,Full Sun,Dry,"Loamy, Sandy",http://www.nativeplantcenter.net/wp-content/uploads/2016/05/Monarda-punctata-RHW.jpg
Southern Or Swamp Bayberry,Morella Caroliniensis,Morella,Myricacea,yellowish-green,8,12,8,12,12,36,w,"Full Sun, Partial Sun, Shade","Dry, Moist, Wet","Clay, Loamy, Sandy",http://www.nativeplantcenter.net/wp-content/uploads/2016/05/Morella-caroliniensis-Myrica-heterophylla-PLANTS.jpg
Wax Myrtle,Morella Cerifera,Morella,Myricacea,yellowish-green,6,15,6,15,12,36,w,"Full Sun, Partial Sun","Dry, Moist, Wet","Clay, Loamy, Sandy",http://www.nativeplantcenter.net/wp-content/uploads/2016/05/Morella-cerifera-Myrica-c-1-USFWS-BES.jpg
Northern Bayberry,Morella Pensylvanica,Morella,Myricacea,yellowish-green,5,10,5,10,12,36,w,"Full Sun, Partial Sun","Dry, Moist, Wet","Clay, Loamy, Sandy",http://www.nativeplantcenter.net/wp-content/uploads/2016/05/Morella-caroliniensis-Myrica-heterophylla-PLANTS-1.jpg
Red Mulberry,Morus Rubra,Morus,Moraceae,greenish,35,60,35,60,12,6,w,"Full Sun, Partial Sun",Moist,"Clay, Loamy, Sandy",http://www.nativeplantcenter.net/wp-content/uploads/2016/05/Morus-rubra-UWI-KK.jpg
Spatterdock,Nuphar Lutea,Nuphar,Nymphaeaceae,yellow,1,1.5,0,0,6,8,h,"Full Sun, Partial Sun","Flooded, Wet","Clay, Loamy, Sandy",http://www.nativeplantcenter.net/wp-content/uploads/2016/05/Nuphar-lutea-RHW.jpg
Blue Toadflax,Nuttallanthus Canadensis,Nuttallanthus,Scrophulariaceae,light blue,0.5,2.5,0,0,6,2,h,"Full Sun, Partial Sun","Dry, Moist","Loamy, Sandy",http://www.nativeplantcenter.net/wp-content/uploads/2016/05/Nuttallanthus-canadensis-Linaria-c-PLANTS-WSJ.jpg
Fragrant Water Lily,Nymphaea Odorata,Nymphaea,Nymphaeaceae,white,1,4,0,0,6,9,h,Full Sun,"Flooded, Wet","Clay, Loamy, Sandy",http://www.nativeplantcenter.net/wp-content/uploads/2016/05/Nymphaea-odorata-RHW.jpg
Black Gum,Nyssa Sylvatica,Nyssa,Cornaceae,greenish white,30,75,20,50,12,34,w,"Full Sun, Partial Sun","Dry, Flooded, Moist, Wet","Loamy, Sandy",http://www.nativeplantcenter.net/wp-content/uploads/2016/05/Nyssa-sylvatica-1-CM-NRCS.jpg
Common Evening Primrose,Oenothera Biennis,Oenothera,Onagraceae,yellow,1.5,6.5,0,0,6,15,h,"Full Sun, Partial Sun",Dry,"Clay, Loamy, Sandy",http://www.nativeplantcenter.net/wp-content/uploads/2016/05/Oenothera-biennis-RHW.jpg
Narrow-Leaved Sundrops,Oenothera Fruticosa,Oenothera,Onagraceae,yellow,1,3,0,0,6,15,h,"Full Sun, Partial Sun","Dry, Moist","Clay, Loamy, Sandy",http://www.nativeplantcenter.net/wp-content/uploads/2016/05/Oenothera-fruticosa-RHW.jpg
Sundrops,Oenothera Perennis,Oenothera,Onagraceae,yellow,0.5,3,0,0,6,15,h,Full Sun,"Dry, Moist","Loamy, Sandy",http://www.nativeplantcenter.net/wp-content/uploads/2016/05/Oenothera-perennis-UWI-RWF.jpg
Sensitive Fern,Onoclea Sensibilis,Onoclea,Dryopteridaceae,unknown,1,3.5,0,0,6,4,h,"Full Sun, Partial Sun, Shade","Moist, Wet","Clay, Loamy, Sandy",http://www.nativeplantcenter.net/wp-content/uploads/2016/05/Onoclea-sensibilis-UWI-KJS.jpg
Eastern Prickly-Pear Cactus,Opuntia Humifusa,Opuntia,Cactaceae,yellow,0.5,1,0,0,6,4,h,Full Sun,Dry,"Loamy, Sandy",http://www.nativeplantcenter.net/wp-content/uploads/2016/05/Opuntia-humifusa-RHW.jpg
Golden Club,Orontium Aquaticum,Orontium,Araceae,yellow,1.5,2,0,0,6,4,h,Full Sun,"Flooded, Wet","Clay, Loamy, Sandy",http://www.nativeplantcenter.net/wp-content/uploads/2016/05/Orontium-aquaticum-RHW.jpg
Sweet Cicely,Osmorhiza Longistylis,Osmorhiza,Apiaceae,white to green,1.5,4,0,0,6,1,h,"Partial Sun, Shade",Moist,"Clay, Loamy, Sandy",http://www.nativeplantcenter.net/wp-content/uploads/2016/05/Osmorhiza-longistylis-RHW.jpg
Cinnamon Fern,Osmunda Cinnamomea,Osmunda,Osmundaceae,unknown,2,5,0,0,6,6,h,"Full Sun, Partial Sun, Shade","Moist, Wet","Clay, Loamy",http://www.nativeplantcenter.net/wp-content/uploads/2016/05/Osmunda-cinnamomea-1-RHW.jpg
Interrupted Fern,Osmunda Claytoniana,Osmunda,Osmundaceae,unknown,1,4,0,0,6,6,h,"Partial Sun, Shade",Moist,"Clay, Loamy",http://www.nativeplantcenter.net/wp-content/uploads/2016/05/Osmunda-claytonia-UWI-EJJ.jpg
Royal Fern,Osmunda Regalis,Osmunda,Osmundaceae,unknown,1.5,6,0,0,6,6,h,"Full Sun, Partial Sun, Shade","Flooded, Moist, Wet","Clay, Loamy, Sandy",http://www.nativeplantcenter.net/wp-content/uploads/2016/05/Osmunda-regalis-RHW.jpg
Eastern Hop-Hornbeam,Ostrya Virginiana,Ostrya,Betulaceae,red-brown,25,50,20,35,12,81,w,"Partial Sun, Shade",Moist,"Clay, Loamy, Sandy",http://www.nativeplantcenter.net/wp-content/uploads/2016/05/Ostrya-virginiana-PLANTS-WSJ.jpg
Violet Wood Sorrel,Oxalis Violacea,Oxalis,Oxalidaceae,violet,0.5,0.5,0,0,6,4,h,"Partial Sun, Shade","Dry, Moist",Loamy,http://www.nativeplantcenter.net/wp-content/uploads/2016/05/Oxalis-violacea-RHW.jpg
Golden Ragwort,Packera Aurea,Packera,Asteraceae,yellow,0.5,2.5,0,0,6,1,h,"Full Sun, Partial Sun, Shade","Moist, Wet",Loamy,http://www.nativeplantcenter.net/wp-content/uploads/2016/05/DSC_2028-700x467.jpg
Bitter Or Coastal Panic Grass,Panicum Amarum,Panicum,Poaceae,unknown,1,3,0,0,6,25,h,Full Sun,"Dry, Moist","Loamy, Sandy",http://www.nativeplantcenter.net/wp-content/uploads/2016/05/Panicum-amarum-CM-NRCS.jpg
Switchgrass,Panicum Virgatum,Panicum,Poaceae,unknown,3,6,0,0,6,25,h,"Full Sun, Partial Sun","Dry, Moist, Wet","Clay, Loamy, Sandy",http://www.nativeplantcenter.net/wp-content/uploads/2016/05/Panicum-virgatum-BES.jpg
Virginia Creeper,Parthenocissus Quinquefolia,Parthenocissus,Vitaceae,greenish white,45,45,25,35,12,28,w,"Full Sun, Partial Sun, Shade","Dry, Moist, Wet","Clay, Loamy, Sandy",http://www.nativeplantcenter.net/wp-content/uploads/2016/05/VA-creeper-GC.jpg
Passionflower,Passiflora Incarnata,Passiflora,Passifloraceae,purple and white,6,18,0,0,6,4,h,Full Sun,"Dry, Moist","Clay, Loamy, Sandy",http://www.nativeplantcenter.net/wp-content/uploads/2016/05/Passiflora-incarnata-RHW.jpg
Beardtongue,Penstemon Digitalis,Penstemon,Scrophulariaceae,white or faintly purple,2,5,0,0,6,9,h,"Full Sun, Partial Sun","Dry, Moist","Clay, Loamy, Sandy",http://www.nativeplantcenter.net/wp-content/uploads/2016/05/Penstemon-digitalis-1-USFWS-BES.jpg
Smooth Beardtongue,Penstemon Laevigatus,Penstemon,Scrophulariaceae,purplish,1,3.5,0,0,6,9,h,"Full Sun, Partial Sun, Shade",Moist,,http://www.nativeplantcenter.net/wp-content/uploads/2016/05/Penstemon-laevigatus-ssp-digitalis-UWI-MRB.jpg
Thick-Leaved Phlox,Phlox Carolina,Phlox,Polemoniaceae,pink to purple,1,2.5,0,0,6,6,h,"Full Sun, Partial Sun","Dry, Moist, Wet","Loamy, Sandy",http://www.nativeplantcenter.net/wp-content/uploads/2016/05/Phlox-carolina-PLANTS-WSJ.jpg
Woodland Phlox,Phlox Divaricata,Phlox,Polemoniaceae,blue,1.5,1.5,0,0,6,6,h,"Partial Sun, Shade",Moist,"Clay, Loamy, Sandy",http://www.nativeplantcenter.net/wp-content/uploads/2016/05/DSC_4247-700x467.jpg
Phlox,Phlox Maculata,Phlox,Polemoniaceae,rose,1,3,0,0,6,6,h,"Full Sun, Partial Sun, Shade","Moist, Wet","Clay, Loamy",http://www.nativeplantcenter.net/wp-content/uploads/2016/05/Phlox-maculata-PLANTS-WSJ.jpg
Summer Phlox,Phlox Paniculata,Phlox,Polemoniaceae,pink,1.5,6.5,0,0,6,6,h,"Full Sun, Partial Sun",Moist,Loamy,http://www.nativeplantcenter.net/wp-content/uploads/2016/05/Phlox-paniculata-1-RHW.jpg
Creeping Phlox,Phlox Stolonifera,Phlox,Polemoniaceae,blue,0.5,1.5,0,0,6,6,h,"Partial Sun, Shade","Dry, Moist","Loamy, Sandy",http://www.nativeplantcenter.net/wp-content/uploads/2016/05/Phlox-stolonifera-1-RHW.jpg
Moss Phlox,Phlox Subulata,Phlox,Polemoniaceae,rose,0.5,0.5,0,0,6,6,h,Full Sun,Dry,"Clay, Loamy, Sandy",http://www.nativeplantcenter.net/wp-content/uploads/2016/05/Phlox-subulata-1-USFWS-BES.jpg
Ninebark,Physocarpus Opulifolius,Physocarpus,Rosaceae,white,5,12,5,12,12,29,w,"Full Sun, Partial Sun","Moist, Wet","Clay, Loamy",http://www.nativeplantcenter.net/wp-content/uploads/2016/05/Physocarpus-opulifolius-USFWS-BES.jpg
Shortleaf Pine,Pinus Echinata,Pinus,Pinaceae,unknown,100,100,0,0,12,146,w,Full Sun,"Dry, Moist","Clay, Loamy, Sandy",http://www.nativeplantcenter.net/wp-content/uploads/2016/05/Pinus-echinata-BUG-RFW.jpg
Pitch Pine,Pinus Rigida,Pinus,Pinaceae,red- purple,50,75,50,75,12,146,w,Full Sun,Dry,"Loamy, Sandy",http://www.nativeplantcenter.net/wp-content/uploads/2016/05/Pinus-rigida-CM-NRCS.jpg
Pond Pine,Pinus Serotina,Pinus,Pinaceae,unknown,50,60,0,0,12,146,w,Full Sun,"Moist, Wet","Loamy, Sandy",http://www.nativeplantcenter.net/wp-content/uploads/2016/05/Pinus-serotina-VT.jpg
White Pine,Pinus Strobus,Pinus,Pinaceae,red to purplish,75,100,50,75,12,146,w,Full Sun,"Dry, Moist",Loamy,http://www.nativeplantcenter.net/wp-content/uploads/2016/05/Pinus-strobus-USDA-NRCS.jpg
Loblolly Pine,Pinus Taeda,Pinus,Pinaceae,unknown,70,90,0,0,12,146,w,Full Sun,"Dry, Moist, Wet","Clay, Loamy, Sandy",http://www.nativeplantcenter.net/wp-content/uploads/2016/05/Pinus-taeda-USFWS-BES.jpg
Virginia Pine,Pinus Virginiana,Pinus,Pinaceae,unknown,50,80,0,0,12,146,w,Full Sun,"Dry, Moist","Clay, Loamy, Sandy",http://www.nativeplantcenter.net/wp-content/uploads/2016/05/Pinus-virginiana-USDA-NRCS.jpg
American Sycamore,Platanus Occidentalis,Platanus,Platanaceae,yellow-green,75,100,75,100,12,42,w,"Full Sun, Partial Sun","Moist, Wet","Loamy, Sandy",http://www.nativeplantcenter.net/wp-content/uploads/2016/05/Platanus-occidentalis-1-PLANTS-LA.jpg
Mayapple,Podophyllum Peltatum,Podophyllum,Berberidaceae,white,1,2,0,0,6,6,h,"Partial Sun, Shade",Moist,Loamy,http://www.nativeplantcenter.net/wp-content/uploads/2016/05/DSC_2212_1-700x467.jpg
Jacob'S Ladder,Polemonium Reptans,Polemonium,Polemoniaceae,blue,0.5,1.5,0,0,6,1,h,"Partial Sun, Shade",Moist,"Loamy, Sandy",http://www.nativeplantcenter.net/wp-content/uploads/2016/05/Polemonium-reptans-RHW.jpg
Solomon'S Seal,Polygonatum Biflorum,Polygonatum,Liliaceae,white or green,0.5,6.5,0,0,6,1,h,"Partial Sun, Shade","Dry, Moist",Loamy,http://www.nativeplantcenter.net/wp-content/uploads/2016/05/Polygonatum-biflorum-RHW.jpg
Solomon'S Seal,Polygonatum Pubescens,Polygonatum,Liliaceae,yellowish-green,1,3.5,0,0,6,1,h,"Full Sun, Partial Sun, Shade","Dry, Moist","Clay, Loamy, Sandy",http://www.nativeplantcenter.net/wp-content/uploads/2016/05/Polygonatum-pubescens-UWI-KJS.jpg
Christmas Fern,Polystichum Acrostichoides,Polystichum,Dryopteridaceae,unknown,0.5,2,0,0,6,4,h,"Partial Sun, Shade",Moist,"Loamy, Sandy",http://www.nativeplantcenter.net/wp-content/uploads/2016/05/Polystichum-achrostichoides-USFWS-BES.jpg
Pickerelweed,Pontederia Cordata,Pontederia,Pontederiaceae,purple,3.5,3.5,0,0,6,5,h,"Full Sun, Partial Sun","Flooded, Wet","Clay, Loamy, Sandy",http://www.nativeplantcenter.net/wp-content/uploads/2016/05/Pontederia-cordata-UWI-MC.jpg
Eastern Cottonwood,Populus Deltoides,Populus,Salicaceae,red,75,100,50,100,12,240,w,Full Sun,"Moist, Wet","Clay, Loamy, Sandy",http://www.nativeplantcenter.net/wp-content/uploads/2016/05/Populus-deltoides-UWI-JK.jpg
Swamp Cottonwood,Populus Heterophylla,Populus,Salicaceae,unknown,80,80,0,0,12,240,w,Full Sun,Wet,"Clay, Loamy",http://www.nativeplantcenter.net/wp-content/uploads/2016/05/Populus-heterophylla-1-VT.jpg
American Wild Plum,Prunus Americana,Prunus,Rosaceae,white,20,35,20,35,12,347,w,"Full Sun, Partial Sun","Dry, Moist","Loamy, Sandy",http://www.nativeplantcenter.net/wp-content/uploads/2016/05/Prunus-americana-RHW.jpg
Beach Plum,Prunus Maritima,Prunus,Rosaceae,white,1,8,3,6,12,347,w,"Full Sun, Partial Sun","Dry, Moist","Loamy, Sandy",http://www.nativeplantcenter.net/wp-content/uploads/2016/05/Prunus-maritima-CM-NRCS.jpg
Pin Cherry,Prunus Pensylvanica,Prunus,Rosaceae,white,20,35,20,35,12,347,w,"Full Sun, Partial Sun",Dry,"Clay, Loamy, Sandy",http://www.nativeplantcenter.net/wp-content/uploads/2016/05/Prunus-pensylvanica-RHW.jpg
Black Cherry,Prunus Serotina,Prunus,Rosaceae,white,40,75,20,35,12,347,w,Full Sun,"Dry, Moist",Loamy,http://www.nativeplantcenter.net/wp-content/uploads/2016/05/Prunus-serotina-1-CM-NRCS.jpg
Choke Cherry,Prunus Virginiana,Prunus,Rosaceae,white,25,50,20,35,12,347,w,Full Sun,Moist,"Clay, Loamy, Sandy",http://www.nativeplantcenter.net/wp-content/uploads/2016/05/Prunus-virginiana-RHW.jpg
Bracken Fern,Pteridium Aquilinum,Pteridium,Dennstaedtiaceae,unknown,1.5,6,0,0,6,10,h,"Full Sun, Partial Sun","Dry, Moist, Wet","Clay, Loamy, Sandy",http://www.nativeplantcenter.net/wp-content/uploads/2016/05/Pteridium-aquilinum-CM-NRCS.jpg
Hoary Mountain Mint,Pycnanthemum Incanum,Pycnanthemum,Lamiaceae,white to lavender,3,3,0,0,6,4,h,Shade,Dry,"Clay, Loamy, Sandy",http://www.nativeplantcenter.net/wp-content/uploads/2016/05/Pycnanthemum-incanum-RHW.jpg
Narrow-Leaved Mountain Mint,Pycnanthemum Tenuifolium,Pycnanthemum,Lamiaceae,purple to white,1.5,2.5,0,0,6,4,h,"Full Sun, Partial Sun","Dry, Moist",Sandy,http://www.nativeplantcenter.net/wp-content/uploads/2016/05/Pycnanthemum-tenuifolium-PLANTS-RM89.jpg
White Oak,Quercus Alba,Quercus,Fagaceae,yellow-green,75,100,75,100,12,463,w,"Full Sun, Partial Sun","Dry, Moist","Loamy, Sandy",http://www.nativeplantcenter.net/wp-content/uploads/2016/05/Quercus-alba-CM-NRCS.jpg
Swamp White Oak,Quercus Bicolor,Quercus,Fagaceae,yellow-green,60,100,50,75,12,463,w,"Full Sun, Partial Sun",Wet,"Clay, Loamy, Sandy",http://www.nativeplantcenter.net/wp-content/uploads/2016/05/Quercus-bicolor-1-PLANTS-RM89.jpg
Scarlet Oak,Quercus Coccinea,Quercus,Fagaceae,yellow-green,40,75,50,75,12,463,w,Full Sun,"Dry, Moist","Loamy, Sandy",http://www.nativeplantcenter.net/wp-content/uploads/2016/05/Quercus-coccinea-CM-NRCS.jpg
Southern Red Oak,Quercus Falcata,Quercus,Fagaceae,unknown,70,80,0,0,12,463,w,Full Sun,"Dry, Moist","Clay, Loamy, Sandy",http://www.nativeplantcenter.net/wp-content/uploads/2016/05/Quercus-falcata-DFT-HW.jpg
Bear Oak,Quercus Ilicifolia,Quercus,Fagaceae,yellow-green or reddish,12,20,12,20,12,463,w,Full Sun,Dry,"Clay, Loamy, Sandy",http://www.nativeplantcenter.net/wp-content/uploads/2016/05/Quercus-ilicifolia-CM-NRCS.jpg
Blackjack Oak,Quercus Marilandica,Quercus,Fagaceae,yellow-green,35,50,35,50,12,463,w,Partial Sun,Dry,"Loamy, Sandy",http://www.nativeplantcenter.net/wp-content/uploads/2016/05/Quercus-marilandica-CM-NRCS.jpg
Swamp Chestnut Oak,Quercus Michauxii,Quercus,Fagaceae,yellow-green,50,80,75,100,12,463,w,Full Sun,"Moist, Wet",Loamy,http://www.nativeplantcenter.net/wp-content/uploads/2016/05/Quercus-michauxii-PLANTS-1995.jpg
Chinquapin Oak,Quercus Muehlenbergii,Quercus,Fagaceae,yellow-green,35,50,35,50,12,463,w,Full Sun,"Dry, Moist",Loamy,http://www.nativeplantcenter.net/wp-content/uploads/2016/05/Quercus-muehlenbergii-UWI-KJS.jpg
Water Oak,Quercus Nigra,Quercus,Fagaceae,unknown,50,80,0,0,12,463,w,"Partial Sun, Shade","Moist, Wet","Clay, Loamy",http://www.nativeplantcenter.net/wp-content/uploads/2016/05/Quercus-nigra-PLANTS-LA.jpg
Pin Oak,Quercus Palustris,Quercus,Fagaceae,yellow-green,50,80,50,75,12,463,w,Full Sun,"Moist, Wet","Clay, Loamy",http://www.nativeplantcenter.net/wp-content/uploads/2016/05/Quercus-palustris-PLANTS-RM91.jpg
Willow Oak,Quercus Phellos,Quercus,Fagaceae,unknown,80,100,0,0,12,463,w,"Full Sun, Partial Sun","Moist, Wet","Clay, Loamy",http://www.nativeplantcenter.net/wp-content/uploads/2016/05/Quercus-phellos-USFWS-BES.jpg
Chestnut Oak,Quercus Prinus,Quercus,Fagaceae,yellowish,40,80,0,0,12,463,w,"Full Sun, Partial Sun, Shade",Dry,"Loamy, Sandy",http://www.nativeplantcenter.net/wp-content/uploads/2016/05/Quercus-prinus-PLANTS-1997.jpg
Northern Red Oak,Quercus Rubra,Quercus,Fagaceae,unknown,90,90,0,0,12,463,w,"Full Sun, Partial Sun","Dry, Moist","Clay, Loamy",http://www.nativeplantcenter.net/wp-content/uploads/2016/05/Quercus-rubra-UWI-KJS.jpg
Post Oak,Quercus Stellata,Quercus,Fagaceae,yellow-green,35,50,35,50,12,463,w,Full Sun,"Dry, Moist","Clay, Loamy, Sandy",http://www.nativeplantcenter.net/wp-content/uploads/2016/05/Quercus-stellata-CM-NRCS.jpg
Black Oak,Quercus Velutina,Quercus,Fagaceae,yellow-green,75,100,75,100,12,463,w,Full Sun,"Dry, Moist","Clay, Loamy, Sandy",http://www.nativeplantcenter.net/wp-content/uploads/2016/05/Quercus-velutina-BUG-DJM.jpg
Virginia Meadow-Beauty,Rhexia Virginica,Rhexia,Melastomaceae,dark pink,1,3.5,0,0,6,4,h,Full Sun,Wet,Loamy,http://www.nativeplantcenter.net/wp-content/uploads/2016/05/Rhexia-virginica-RHW.jpg
Dwarf Or Coast Azalea,Rhododendron Atlanticum,Rhododendron,Ericaceae,white,1,2.5,2,3,12,52,w,"Partial Sun, Shade",Moist,Sandy,http://www.nativeplantcenter.net/wp-content/uploads/2016/05/Rhododendron-atlanticum-1-GM-ARS.jpg
Flame Azalea,Rhododendron Calendulaceum,Rhododendron,Ericaceae,yellow,5,9,6,9,12,52,w,Partial Sun,"Dry, Moist","Clay, Loamy",http://www.nativeplantcenter.net/wp-content/uploads/2016/05/Rhododendron-calendulaceum-RHW.jpg
Sweet Azalea,Rhododendron Canescens,Rhododendron,Ericaceae,white or pink,3,10,3,9,12,52,w,Partial Sun,Moist,Sandy,http://www.nativeplantcenter.net/wp-content/uploads/2016/05/Rhododendron-canescens-1-PLANTS.jpg
Great Laurel,Rhododendron Maximum,Rhododendron,Ericaceae,white,15,20,10,15,12,52,w,"Partial Sun, Shade","Moist, Wet",Loamy,http://www.nativeplantcenter.net/wp-content/uploads/2016/05/Rhododendron-maximum-1-RHW.jpg
Pinxterbloom,Rhododendron Periclymenoides,Rhododendron,Ericaceae,pink,3,10,6,12,12,52,w,"Full Sun, Partial Sun, Shade","Dry, Moist, Wet",Loamy,http://www.nativeplantcenter.net/wp-content/uploads/2016/05/Rhododendron-periclymenoides-RHW.jpg
Rose Azalea,Rhododendron Prinophyllum,Rhododendron,Ericaceae,pink,2,8,2,8,12,52,w,"Full Sun, Partial Sun, Shade","Dry, Moist",,http://www.nativeplantcenter.net/wp-content/uploads/2016/05/Rhododendron-prinophyllum-PLANTS.jpg
Swamp Azalea,Rhododendron Viscosum,Rhododendron,Ericaceae,white,6.5,10,6,12,12,52,w,"Full Sun, Partial Sun","Moist, Wet","Clay, Loamy, Sandy",http://www.nativeplantcenter.net/wp-content/uploads/2016/05/Rhododendron-viscosum-RHW.jpg
Fragrant Sumac,Rhus Aromatica,Rhus,Anacardiaceae,greenish yellow,6,6,12,12,12,54,w,"Full Sun, Partial Sun",Dry,"Loamy, Sandy",http://www.nativeplantcenter.net/wp-content/uploads/2016/05/Rhus-aromatica-1-RHW.jpg
Shining Sumac,Rhus Copallina,Rhus,Anacardiaceae,greenish yellow,20,35,20,35,12,54,w,"Full Sun, Partial Sun",Dry,"Clay, Loamy, Sandy",http://www.nativeplantcenter.net/wp-content/uploads/2016/05/Rhus-coppalina-CM-NRCS.jpg
Sweet Or Smooth Sumac,Rhus Glabra,Rhus,Anacardiaceae,greenish,2,20,2,35,12,54,w,Full Sun,"Dry, Moist","Loamy, Sandy",http://www.nativeplantcenter.net/wp-content/uploads/2016/05/Rhus-glabra-CM-NRCS.jpg
Staghorn Sumac,Rhus Hirta,Rhus,Anacardiaceae,yellow-green,35,50,35,50,12,54,w,Full Sun,"Dry, Moist","Clay, Loamy, Sandy",http://www.nativeplantcenter.net/wp-content/uploads/2016/05/Rhus-hirta-R-typhina-RHW.jpg
Appalachian Or Eastern Gooseberry,Ribes Rotundifolium,Ribes,Grossulariacea,greenish purple,3,6,3,6,12,67,w,Partial Sun,Dry,"Clay, Loamy, Sandy",http://www.nativeplantcenter.net/wp-content/uploads/2016/05/Ribes-rotundifolium-USFWS-BES.jpg
Pasture Rose,Rosa Carolina,Rosa,Rosaceae,pale pink,0.5,3,3,6,12,106,w,"Full Sun, Partial Sun","Dry, Moist","Clay, Loamy, Sandy",http://www.nativeplantcenter.net/wp-content/uploads/2016/05/Rosa-carolina-1-RHW.jpg
Swamp Rose,Rosa Palustris,Rosa,Rosaceae,pink,8,8,0,0,12,106,w,"Full Sun, Partial Sun, Shade","Flooded, Moist, Wet","Clay, Loamy",http://www.nativeplantcenter.net/wp-content/uploads/2016/05/Rosa-pal-in-flwr-CM-NRCS.jpg
Allegheny Blackberry,Rubus Allegheniensis,Rubus,Rosaceae,white,3,9,6,12,12,135,w,"Full Sun, Partial Sun","Dry, Moist","Clay, Loamy",http://www.nativeplantcenter.net/wp-content/uploads/2016/05/Rubus-allegheniensis-1-USFWS-BES.jpg
Purple Flowering Raspberry,Rubus Odoratus,Rubus,Rosaceae,rose purple,3,6,6,12,12,135,w,"Partial Sun, Shade",Moist,"Clay, Loamy, Sandy",http://www.nativeplantcenter.net/wp-content/uploads/2016/05/Rubus-odoratus-PLANTS-WSJ.jpg
Early Coneflower,Rudbeckia Fulgida,Rudbeckia,Asteraceae,yellow-orange,1.5,3.5,0,0,6,17,h,"Full Sun, Partial Sun","Dry, Moist",Loamy,http://www.nativeplantcenter.net/wp-content/uploads/2016/05/Rudbeckia-fulgida-USFWS-RL.jpg
Black-Eyed Susan,Rudbeckia Hirta,Rudbeckia,Asteraceae,yellow,1,3.5,0,0,6,17,h,"Full Sun, Partial Sun","Dry, Moist","Clay, Loamy",http://www.nativeplantcenter.net/wp-content/uploads/2016/05/Rudbeckia-hirta-USDA-MG.jpg
Tall Coneflower,Rudbeckia Laciniata,Rudbeckia,Asteraceae,yellow,1.5,10,0,0,6,17,h,"Full Sun, Partial Sun","Moist, Wet","Clay, Loamy, Sandy",http://www.nativeplantcenter.net/wp-content/uploads/2016/05/Rudbeckia-laciniata-RHW.jpg
Three-Lobed Coneflower,Rudbeckia Triloba,Rudbeckia,Asteraceae,yellow or orange,1.5,4.5,0,0,6,17,h,"Full Sun, Partial Sun","Dry, Moist","Loamy, Sandy",http://www.nativeplantcenter.net/wp-content/uploads/2016/05/Rudbeckia-triloba-PLANTS-WSJ.jpg
Carolina Wild Petunia,Ruellia Caroliniensis,Ruellia,Acanthaceae,lavender-blue,0.5,3,0,0,6,2,h,"Full Sun, Partial Sun",Moist,"Clay, Loamy, Sandy",http://www.nativeplantcenter.net/wp-content/uploads/2016/05/Ruellia-caroliniensis-RHW.jpg
Giant Plumegrass,Saccharum Giganteum,Saccharum,Poaceae,unknown,3.5,10,0,0,6,13,h,"Full Sun, Partial Sun","Moist, Wet","Loamy, Sandy",http://www.nativeplantcenter.net/wp-content/uploads/2016/05/Saccharum-giganteum-USDA-NRCS.jpg
Duck Potato,Sagittaria Latifolia,Sagittaria,Alismataceae,white,0.5,4,0,0,6,6,h,"Full Sun, Partial Sun","Flooded, Wet","Clay, Loamy",http://www.nativeplantcenter.net/wp-content/uploads/2016/05/Sagittaria-lajpgolia-RHW.jpg
Prairie Willow,Salix Humilis,Salix,Salicaceae,greenish yellow,6,12,6,12,12,292,w,Full Sun,"Dry, Moist, Wet","Clay, Loamy, Sandy",http://www.nativeplantcenter.net/wp-content/uploads/2016/05/Salix-humilis-PLANTS-1997.jpg
Black Willow,Salix Nigra,Salix,Salicaceae,yellow green,35,50,20,35,12,292,w,"Full Sun, Partial Sun","Flooded, Moist, Wet","Clay, Loamy, Sandy",http://www.nativeplantcenter.net/wp-content/uploads/2016/05/Salix-nigra-CM-NRCS.jpg
Silky Willow,Salix Sericea,Salix,Salicaceae,unknown,12,12,0,0,12,292,w,"Full Sun, Partial Sun, Shade","Moist, Wet","Clay, Loamy, Sandy",http://www.nativeplantcenter.net/wp-content/uploads/2016/05/Salix-sericea-CM-NRCS.jpg
Lyre-Leaf Sage,Salvia Lyrata,Salvia,Lamiaceae,violet,1,2,0,0,6,6,h,"Full Sun, Partial Sun","Dry, Moist","Loamy, Sandy",http://www.nativeplantcenter.net/wp-content/uploads/2016/05/Salvia-lyrata-RHW.jpg
Common Elderberry,Sambucus Nigra Ssp. Canadensis,Sambucus,Caprifoliaceae,white,6,12,6,12,12,32,w,"Full Sun, Partial Sun, Shade","Dry, Moist, Wet","Clay, Loamy, Sandy",http://www.nativeplantcenter.net/wp-content/uploads/2016/05/Sambucus-nigra-ssp-canadensis-S-can-1-RS-MNPS.jpg
Red Elderberry,Sambucus Racemosa Var. Racemosa,Sambucus,Caprifoliaceae,white,6,12,6,12,12,32,w,Shade,"Dry, Moist",Loamy,http://www.nativeplantcenter.net/wp-content/uploads/2016/05/Sambucus-racemosa-v-racemosa-S-pubens-1-RHW.jpg
Bloodroot,Sanguinaria Canadensis,Sanguinaria,Papaveraceae,white,0.5,0.5,0,0,6,1,h,Shade,Moist,Loamy,http://www.nativeplantcenter.net/wp-content/uploads/2016/05/Sanguinaria-canadensis-RHW.jpg
Sassafras,Sassafras Albidum,Sassafras,Lauraceae,yellow-green,35,50,35,50,12,35,w,"Full Sun, Partial Sun","Dry, Moist","Loamy, Sandy",http://www.nativeplantcenter.net/wp-content/uploads/2016/05/Sassafras-albidum-1-USFWS-BES.jpg
Lizard'S Tail,Saururus Cernuus,Saururus,Saururaceae,greenish white,1.5,4.5,0,0,6,2,h,"Full Sun, Partial Sun","Flooded, Wet","Clay, Loamy, Sandy",http://www.nativeplantcenter.net/wp-content/uploads/2016/05/Saururus-cernuus-RHW.jpg
Little Bluestem,Schizachyrium Scoparium,Schizachyrium,Poaceae,unknown,1.5,4,0,0,6,6,h,Full Sun,Dry,"Loamy, Sandy",http://www.nativeplantcenter.net/wp-content/uploads/2016/05/Schizachyrium-fall-USFWS.jpg
Common Three-Square,Schoenoplectus Pungens Var. Pungens,Schoenoplectus,Cyperaceae,brown,4,4,0,0,6,2,h,Full Sun,"Flooded, Wet","Clay, Loamy, Sandy",http://www.nativeplantcenter.net/wp-content/uploads/2016/05/Schoenoplectus-pungens-Scirpus-p-CM-NRCS.jpg
Great Bulrush,Schoenoplectus Validus,Schoenoplectus,Cyperaceae,brown,6,10,0,0,6,2,h,Full Sun,"Flooded, Wet","Clay, Loamy, Sandy",http://www.nativeplantcenter.net/wp-content/uploads/2016/05/Schoenoplectus-validus-Scirpus-v-PLANTS-1995.jpg
Black Or Green Bulrush,Scirpus Atrovirens,Scirpus,Cyperaceae,brown,3,6,0,0,6,7,h,Full Sun,"Flooded, Wet","Clay, Loamy",http://www.nativeplantcenter.net/wp-content/uploads/2016/05/Scirpus-atrovirens-PLANTS-JA.jpg
Woolgrass,Scirpus Cyperinus,Scirpus,Cyperaceae,brown,4,5,0,0,6,7,h,Full Sun,"Flooded, Moist, Wet","Clay, Loamy, Sandy",http://www.nativeplantcenter.net/wp-content/uploads/2016/05/Scirpus-cyperinus-USDA-JK.jpg
Rough Skullcap,Scutellaria Integrifolia,Scutellaria,Lamiaceae,blue,1,2.5,0,0,6,2,h,"Full Sun, Partial Sun","Dry, Moist, Wet",,http://www.nativeplantcenter.net/wp-content/uploads/2016/05/Scutellaria-integrifolia-RHW.jpg
Mountain Stonecrop,Sedum Ternatum,Sedum,Crassulaceae,greenish-white,0.5,0.5,0,0,6,6,h,"Partial Sun, Shade",Moist,,http://www.nativeplantcenter.net/wp-content/uploads/2016/05/Sedum-ternatum-RHW.jpg
Maryland Wild Senna,Senna Marilandica,Senna,Caesalpiniaceae,yellow,3,6.5,0,0,6,7,h,"Full Sun, Partial Sun","Dry, Moist","Loamy, Sandy",http://www.nativeplantcenter.net/wp-content/uploads/2016/05/Senna-marilandica-1-USFWS-BES.jpg
Wild Pink,Silene Caroliniana,Silene,Caryophyllaceae,white to pink,0.5,1,0,0,6,5,h,"Full Sun, Partial Sun","Dry, Moist",Loamy,http://www.nativeplantcenter.net/wp-content/uploads/2016/05/Silene-caroliniana-RHW.jpg
Starry Campion,Silene Stellata,Silene,Caryophyllaceae,white,1,3.5,0,0,6,5,h,"Full Sun, Partial Sun","Dry, Moist",,http://www.nativeplantcenter.net/wp-content/uploads/2016/05/Silene-stellata-RHW.jpg
Fire Pink,Silene Virginica,Silene,Caryophyllaceae,dark pink to red,1,3,0,0,6,5,h,"Full Sun, Partial Sun","Dry, Moist",Loamy,http://www.nativeplantcenter.net/wp-content/uploads/2016/05/Silene-virginica-RHW.jpg
Smooth Carrion Flower,Smilax Herbacea,Smilax,Smilacaceae,greenish-yellow,3,9,0,0,12,19,w,Partial Sun,Moist,"Clay, Loamy, Sandy",http://www.nativeplantcenter.net/wp-content/uploads/2016/05/Smilax-herbacea-1-RHW.jpg
Bluestem Goldenrod,Solidago Caesia,Solidago,Asteraceae,yellow,1,3.5,0,0,6,106,h,"Full Sun, Partial Sun, Shade","Dry, Moist","Clay, Loamy",http://www.nativeplantcenter.net/wp-content/uploads/2016/05/Solidago-caesia-RHW.jpg
Canada Goldenrod,Solidago Canadensis,Solidago,Asteraceae,yellow,1,6.5,0,0,6,106,h,"Full Sun, Partial Sun","Dry, Moist","Clay, Loamy, Sandy",http://www.nativeplantcenter.net/wp-content/uploads/2016/05/Solidago-canadensis-UWI-MRB.jpg
Tall Goldenrod,Solidago Canadensis Var. Scabra,Solidago,Asteraceae,yellow,3.5,6.5,0,0,6,106,h,"Full Sun, Partial Sun","Dry, Moist",Loamy,http://www.nativeplantcenter.net/wp-content/uploads/2016/05/Solidago-canadensis-v-scabra-S-altissima-UWI-RRK.jpg
Broad Leaf Or Zig Zag Goldenrod,Solidago Flexicaulis,Solidago,Asteraceae,yellow,1,3.5,0,0,6,106,h,"Partial Sun, Shade","Dry, Moist",Loamy,http://www.nativeplantcenter.net/wp-content/uploads/2016/05/Solidago-flexicaulis-RHW.jpg
Early Goldenrod,Solidago Juncea,Solidago,Asteraceae,yellow,1,4,0,0,6,106,h,Full Sun,"Dry, Moist",Sandy,http://www.nativeplantcenter.net/wp-content/uploads/2016/05/Solidago-juncea-RHW.jpg
Gray Goldenrod,Solidago Nemoralis,Solidago,Asteraceae,yellow,0.5,3,0,0,6,106,h,"Full Sun, Partial Sun",Dry,"Loamy, Sandy",http://www.nativeplantcenter.net/wp-content/uploads/2016/05/Solidago-nemoralis-RHW.jpg
Sweet Goldenrod,Solidago Odora,Solidago,Asteraceae,yellow,1.5,5,0,0,6,106,h,"Full Sun, Partial Sun","Dry, Moist","Clay, Loamy, Sandy",http://www.nativeplantcenter.net/wp-content/uploads/2016/05/Solidago-odora-RHW.jpg
Wrinkle-Leaf Goldenrod,Solidago Rugosa,Solidago,Asteraceae,yellow,1,6.5,0,0,6,106,h,"Full Sun, Partial Sun","Moist, Wet","Loamy, Sandy",http://www.nativeplantcenter.net/wp-content/uploads/2016/05/Solidago-rugosa-RHW.jpg
Seaside Goldenrod,Solidago Sempervirens,Solidago,Asteraceae,yellow,1,6.5,0,0,6,106,h,"Full Sun, Partial Sun","Dry, Moist","Loamy, Sandy",http://www.nativeplantcenter.net/wp-content/uploads/2016/05/Solidago-sempervirens-RHW.jpg
Showy Goldenrod,Solidago Speciosa,Solidago,Asteraceae,yellow,2,6.5,0,0,6,106,h,"Full Sun, Partial Sun","Dry, Moist","Loamy, Sandy",http://www.nativeplantcenter.net/wp-content/uploads/2016/05/Solidago-speciosa-PLANTS-TGB.jpg
Indiangrass,Sorghastrum Nutans,Sorghastrum,Poaceae,unknown,2.5,8,0,0,6,5,h,Full Sun,"Dry, Moist","Clay, Loamy, Sandy",http://www.nativeplantcenter.net/wp-content/uploads/2016/05/Sorghastrum-nutans-RHW.jpg
American Bur-Reed,Sparganium Americanum,Sparganium,Sparganiaceae,greenish,5,5,0,0,6,6,h,"Full Sun, Partial Sun","Flooded, Wet","Clay, Loamy, Sandy",http://www.nativeplantcenter.net/wp-content/uploads/2016/05/Sparganium-americanum-RHW.jpg
Salt Marsh Or Smooth Cordgrass,Spartina Alterniflora,Spartina,Poaceae,unknown,2,7,0,0,6,13,h,Full Sun,"Flooded, Moist, Wet","Clay, Loamy, Sandy",http://www.nativeplantcenter.net/wp-content/uploads/2016/05/Spartina-alterniflora-USFWS.jpg
Big Cordgrass,Spartina Cynosuroides,Spartina,Poaceae,unknown,3.5,10,0,0,6,13,h,Full Sun,"Flooded, Moist, Wet","Clay, Loamy, Sandy",http://www.nativeplantcenter.net/wp-content/uploads/2016/05/Spartina-cynosuroides-PLANTS-LA.jpg
Salt Meadow Hay,Spartina Patens,Spartina,Poaceae,unknown,1,3,0,0,6,13,h,Full Sun,"Flooded, Moist, Wet","Clay, Loamy, Sandy",http://www.nativeplantcenter.net/wp-content/uploads/2016/05/Spartina-patens-CM-NRCS.jpg
Freshwater Cordgrass,Spartina Pectinata,Spartina,Poaceae,unknown,4,0,0,0,6,13,h,Full Sun,"Flooded, Moist, Wet",Loamy,http://www.nativeplantcenter.net/wp-content/uploads/2016/05/Spartina-pectinata-CM-NRCS.jpg
Narrow-Leaved Meadow-Sweet,Spiraea Alba,Spiraea,Rosaceae,white,3,6,3,6,12,61,w,Full Sun,Moist,"Clay, Loamy, Sandy",http://www.nativeplantcenter.net/wp-content/uploads/2016/05/Spiraea-alba-RHW.jpg
Broad-Leaved Meadow-Sweet,Spiraea Alba Var. Latifolia,Spiraea,Rosaceae,white or pinkish,3,6,3,6,12,61,w,Full Sun,Moist,"Loamy, Sandy",http://www.nativeplantcenter.net/wp-content/uploads/2016/05/Spiraea-alba-v-lajpgolia-S-latifolia-RHW.jpg
Steeplebush,Spiraea Tomentosa,Spiraea,Rosaceae,pink to purple,3,6,3,6,12,61,w,Full Sun,"Moist, Wet","Clay, Loamy, Sandy",http://www.nativeplantcenter.net/wp-content/uploads/2016/05/Spiraea-tomentosa-RHW.jpg
Nodding Ladies'  Tresses,Spiranthes Cernua,Spiranthes,Orchidaceae,white,0.5,2,0,0,6,1,h,"Full Sun, Partial Sun","Moist, Wet","Clay, Loamy, Sandy",http://www.nativeplantcenter.net/wp-content/uploads/2016/05/Spiranthes-cernua-USFWS-BES.jpg
Hedge Nettle,Stachys Tenuifolia,Stachys,Lamiaceae,white to pink,1.5,3.5,0,0,6,8,h,"Full Sun, Partial Sun, Shade","Moist, Wet","Clay, Loamy, Sandy",http://www.nativeplantcenter.net/wp-content/uploads/2016/05/Stachys-tenuifolia-S-hispida-RHW.jpg
American Bladdernut,Staphylea Trifolia,Staphylea,Staphyleacelae,greenish white,3,15,6,12,12,2,w,Shade,Moist,Loamy,http://www.nativeplantcenter.net/wp-content/uploads/2016/05/Staphylea-trifolia-RHW.jpg
Star Chickweed,Stellaria Pubera,Stellaria,Caryophyllaceae,white,0.5,1.5,0,0,6,13,h,Shade,Moist,,http://www.nativeplantcenter.net/wp-content/uploads/2016/05/Stellaria-pubera-RHW.jpg
Heart-Leaved Aster,Symphyotrichum Cordifolium,Symphyotrichum,Asteraceae,blue-violet to rose,1,5,0,0,6,90,h,"Partial Sun, Shade","Dry, Moist","Clay, Loamy, Sandy",http://www.nativeplantcenter.net/wp-content/uploads/2016/05/Symphyotrichum-cordifolius-Aster-c-RHW.jpg
Heath Aster,Symphyotrichum Ericoides Var. Ericoides,Symphyotrichum,Asteraceae,white,0.5,6.5,0,0,6,90,h,"Full Sun, Partial Sun","Dry, Moist","Loamy, Sandy",http://www.nativeplantcenter.net/wp-content/uploads/2016/05/Symphyotrichum-ericoides-Aster-e-RHW.jpg
Smooth Blue Aster,Symphyotrichum Laeve Var. Laeve,Symphyotrichum,Asteraceae,pale blue,1,5,0,0,6,90,h,"Full Sun, Partial Sun",Dry,"Clay, Loamy, Sandy",http://www.nativeplantcenter.net/wp-content/uploads/2016/05/Symphyotrichum-laeve-var-laeve-Aster-laevis-MOBOT.jpg
New England Aster,Symphyotrichum Novae-Angliae,Symphyotrichum,Asteraceae,violet,1,6,0,0,6,90,h,"Full Sun, Partial Sun",Moist,Loamy,http://www.nativeplantcenter.net/wp-content/uploads/2016/05/Symphyotrichum-novae-angliae-Aster-n-a-USFWS.jpg
New York Aster,Symphyotrichum Novi-Belgii Var. Novi-Belgii,Symphyotrichum,Asteraceae,blue-violet,1,4.5,0,0,6,90,h,"Full Sun, Partial Sun","Moist, Wet",Loamy,http://www.nativeplantcenter.net/wp-content/uploads/2016/05/Symphyotrichum-novi-belgii-Aster-n-b-RHW.jpg
Skunk Cabbage,Symplocarpus Foetidus,Symplocarpus,Araceae,green to purple-brown,1,3,0,0,6,1,h,"Partial Sun, Shade",Wet,"Clay, Loamy, Sandy",http://www.nativeplantcenter.net/wp-content/uploads/2016/05/Symplocarpus-foetidus-1-RHW.jpg
Bald Cypress,Taxodium Distichum,Taxodium,Taxodiaceae,deep purple,50,100,20,35,12,12,w,"Full Sun, Partial Sun",Wet,"Clay, Loamy, Sandy",http://www.nativeplantcenter.net/wp-content/uploads/2016/05/Taxodium-distichum-1-USFWS-BES.jpg
Early Meadow Rue,Thalictrum Dioicum,Thalictrum,Ranunculaceae,green to purple,1,2.5,0,0,6,15,h,Shade,Moist,Loamy,http://www.nativeplantcenter.net/wp-content/uploads/2016/05/Thalictrum-dioicum-RHW.jpg
Tall Meadow Rue,Thalictrum Pubescens,Thalictrum,Ranunculaceae,white,1.5,9,0,0,6,15,h,"Full Sun, Partial Sun, Shade","Moist, Wet",,http://www.nativeplantcenter.net/wp-content/uploads/2016/05/Thalictrum-pubescens-RHW.jpg
Rue Anemone,Thalictrum Thalictroides,Thalictrum,Ranunculaceae,white,0.5,1,0,0,6,15,h,"Partial Sun, Shade","Dry, Moist","Clay, Loamy, Sandy",http://www.nativeplantcenter.net/wp-content/uploads/2016/05/Thalictrum-thalictroides-Anemonella-t-RHW.jpg
New York Fern,Thelypteris Noveboracensis,Thelypteris,Thelypteridaceae,unknown,1,2.5,0,0,6,5,h,"Partial Sun, Shade","Moist, Wet","Clay, Loamy, Sandy",http://www.nativeplantcenter.net/wp-content/uploads/2016/05/Thelypteris-noveboracensis-USFWS-BES.jpg
Marsh Fern,Thelypteris Palustris,Thelypteris,Thelypteridaceae,unknown,2,3,0,0,6,5,h,"Full Sun, Partial Sun","Moist, Wet","Clay, Loamy, Sandy",http://www.nativeplantcenter.net/wp-content/uploads/2016/05/Thelypteris-palustris-UWI-RWF.jpg
American Basswood,Tilia Americana,Tilia,Tiliaceae,yellow,70,100,50,75,12,139,w,"Partial Sun, Shade",Moist,"Loamy, Sandy",http://www.nativeplantcenter.net/wp-content/uploads/2016/05/Tilia-americana-1-PLANTS-DEH.jpg
Virginia Spiderwort,Tradescantia Virginiana,Tradescantia,Commelinaceae,deep blue-purple,1,3,0,0,6,4,h,"Full Sun, Partial Sun, Shade",Moist,"Clay, Loamy",http://www.nativeplantcenter.net/wp-content/uploads/2016/05/Tradescantia-virginiana-RHW.jpg
Redtop,Tridens Flavus,Tridens,Poaceae,unknown,2,6.5,0,0,6,8,h,"Full Sun, Partial Sun","Dry, Moist","Clay, Loamy, Sandy",http://www.nativeplantcenter.net/wp-content/uploads/2016/05/Tridens-flavus-UWI-EJJ.jpg
Wakerobin,Trillium Erectum,Trillium,Liliaceae,purple or greenish to white,1,1.5,0,0,6,2,h,Shade,Moist,Loamy,http://www.nativeplantcenter.net/wp-content/uploads/2016/05/Trillium-erectum-RHW.jpg
White Trillium,Trillium Grandiflorum,Trillium,Liliaceae,white then pink,0.5,1.5,0,0,6,2,h,Shade,Moist,Loamy,http://www.nativeplantcenter.net/wp-content/uploads/2016/05/DSC_4205-700x467.jpg
Toadshade,Trillium Sessile,Trillium,Liliaceae,maroon,0.5,1,0,0,6,2,h,"Partial Sun, Shade",Moist,Loamy,http://www.nativeplantcenter.net/wp-content/uploads/2016/05/Trillium-sessile-RHW.jpg
Painted Trillium,Trillium Undulatum,Trillium,Liliaceae,white with purple,1,1.5,0,0,6,2,h,"Full Sun, Partial Sun, Shade",Moist,Loamy,http://www.nativeplantcenter.net/wp-content/uploads/2016/05/Trillium-undulatum-RHW.jpg
Gama Grass,Tripsacum Dactyloides,Tripsacum,Poaceae,unknown,6,10,0,0,6,2,h,"Full Sun, Partial Sun","Moist, Wet","Clay, Loamy",http://www.nativeplantcenter.net/wp-content/uploads/2016/05/Tripsacum-dactyloides-CM-NRCS.jpg
Eastern Hemlock,Tsuga Canadensis,Tsuga,Pinaceae,tan brown,75,100,35,50,12,69,w,Partial Sun,Moist,"Loamy, Sandy",http://www.nativeplantcenter.net/wp-content/uploads/2016/05/Tsuga-canadensis-USDA-NRCS.jpg
American Elm,Ulmus Americana,Ulmus,Ulmaceae,red brown,75,100,75,100,12,174,w,"Full Sun, Partial Sun","Moist, Wet","Clay, Loamy, Sandy",http://www.nativeplantcenter.net/wp-content/uploads/2016/05/Ulmus-americana-USDA-NRCS.jpg
Slippery Elm,Ulmus Rubra,Ulmus,Ulmaceae,unknown,70,70,0,0,12,174,w,"Partial Sun, Shade","Dry, Moist","Clay, Loamy, Sandy",http://www.nativeplantcenter.net/wp-content/uploads/2016/05/Ulmus-rubra-UWI-DWW.jpg
Large-Flowered Bellwort,Uvularia Grandiflora,Uvularia,Liliaceae,orange-yellow,2.5,2.5,0,0,6,1,h,Shade,Moist,Loamy,http://www.nativeplantcenter.net/wp-content/uploads/2016/05/Uvularia-grandiflora-RHW.jpg
Perfoliate Bellwort,Uvularia Perfoliata,Uvularia,Liliaceae,yellow,0.5,2,0,0,6,1,h,"Full Sun, Partial Sun",Moist,Loamy,http://www.nativeplantcenter.net/wp-content/uploads/2016/05/Uvularia-perfoliata-RHW.jpg
Straw Lily,Uvularia Sessilifolia,Uvularia,Liliaceae,yellow,0.5,1,0,0,6,1,h,"Full Sun, Partial Sun, Shade","Dry, Moist","Loamy, Sandy",http://www.nativeplantcenter.net/wp-content/uploads/2016/05/Uvularia-sessilifolia-RHW.jpg
Lowbush Blueberry,Vaccinium Angustifolium,Vaccinium,Ericaceae,white or pink-tinged,1,2,1,2,12,230,w,"Full Sun, Partial Sun","Dry, Moist","Clay, Loamy, Sandy",http://www.nativeplantcenter.net/wp-content/uploads/2016/05/Vaccinium-angustifolium-BES.jpg
Highbush Blueberry,Vaccinium Corymbosum,Vaccinium,Ericaceae,white or pink-tinged,6,12,6,12,12,230,w,"Full Sun, Partial Sun, Shade","Dry, Moist, Wet","Loamy, Sandy",http://www.nativeplantcenter.net/wp-content/uploads/2016/05/Vaccinium-cor-red-fall-USFWS-BES.jpg
Cranberry,Vaccinium Macrocarpon,Vaccinium,Ericaceae,white to pink,0.5,1,3,3,12,230,w,"Full Sun, Partial Sun",Wet,"Loamy, Sandy",http://www.nativeplantcenter.net/wp-content/uploads/2016/05/Vaccinium-macrocarpon-RHW.jpg
Early Lowbush Blueberry,Vaccinium Pallidum,Vaccinium,Ericaceae,white,1.5,2,0,0,12,230,w,"Full Sun, Partial Sun","Dry, Moist","Loamy, Sandy",http://www.nativeplantcenter.net/wp-content/uploads/2016/05/Vaccinium-pallidum-RHW.jpg
Deerberry,Vaccinium Stamineum,Vaccinium,Ericaceae,white or purple,6,12,6,12,12,230,w,"Full Sun, Partial Sun","Dry, Moist","Clay, Loamy, Sandy",http://www.nativeplantcenter.net/wp-content/uploads/2016/05/Vaccinium-stamineum-RHW.jpg
Green False Hellebore,Veratrum Viride,Veratrum,Liliaceae,yellow-green,2,5,0,0,6,3,h,"Full Sun, Partial Sun, Shade","Moist, Wet","Clay, Loamy, Sandy",http://www.nativeplantcenter.net/wp-content/uploads/2016/05/Veratrum-viride-RHW.jpg
Blue Vervain,Verbena Hastata,Verbena,Verbenaceae,blue to purple,1.5,5,0,0,6,12,h,"Full Sun, Partial Sun","Moist, Wet","Clay, Loamy, Sandy",http://www.nativeplantcenter.net/wp-content/uploads/2016/05/Verbena-hastata-RHW.jpg
Wingstem,Verbesina Alternifolia,Verbesina,Asteraceae,yellow,3.5,8,0,0,6,15,h,Full Sun,Moist,,http://www.nativeplantcenter.net/wp-content/uploads/2016/05/Verbesina-alternifolia-RHW.jpg
New York Ironweed,Vernonia Noveboracensis,Vernonia,Asteraceae,purple,3.5,8,0,0,6,22,h,"Full Sun, Partial Sun","Moist, Wet",Loamy,http://www.nativeplantcenter.net/wp-content/uploads/2016/05/Vernonia-noveboracensis-RHW.jpg
Culver'S Root,Veronicastrum Virginicum,Veronicastrum,Scrophulariaceae,white,3,6.5,0,0,6,1,h,"Full Sun, Partial Sun","Moist, Wet","Clay, Loamy, Sandy",http://www.nativeplantcenter.net/wp-content/uploads/2016/05/Veronicastrum-virginicum-Veronica-v-RHW.jpg
Maple-Leaved Arrowwood,Viburnum Acerifolium,Viburnum,Caprifoliaceae,creamy-white,3,6,3,6,12,99,w,"Full Sun, Partial Sun, Shade","Dry, Moist","Clay, Loamy",http://www.nativeplantcenter.net/wp-content/uploads/2016/05/Viburnum-acerifolium-1-RHW.jpg
Southern Arrowwood,Viburnum Dentatum,Viburnum,Caprifoliaceae,white,10,15,6,12,12,99,w,"Full Sun, Partial Sun, Shade","Dry, Moist, Wet","Loamy, Sandy",http://www.nativeplantcenter.net/wp-content/uploads/2016/05/Viburnum-dentatum-1-USFWS-BES.jpg
Naked Witherod,Viburnum Nudum,Viburnum,Caprifoliaceae,white to cream,6.5,20,12,20,12,99,w,"Full Sun, Partial Sun, Shade","Moist, Wet","Loamy, Sandy",http://www.nativeplantcenter.net/wp-content/uploads/2016/05/Viburnum-nudum-RHW.jpg
Witherod,Viburnum Nudum Var. Cassinoides,Viburnum,Caprifoliaceae,creamy white,6,12,6,12,12,99,w,"Full Sun, Partial Sun","Dry, Moist, Wet",Loamy,http://www.nativeplantcenter.net/wp-content/uploads/2016/05/Viburnum-nudum-RHW.jpg
Black Haw,Viburnum Prunifolium,Viburnum,Caprifoliaceae,white,12,24,8,12,12,99,w,"Full Sun, Partial Sun, Shade","Dry, Moist, Wet","Clay, Loamy",http://www.nativeplantcenter.net/wp-content/uploads/2016/05/Viburnum-prunifolium-RHW.jpg
American Dog Violet,Viola Conspersa,Viola,Violaceae,pale blue,0.5,1,0,0,6,26,h,"Full Sun, Partial Sun, Shade","Moist, Wet",,http://www.nativeplantcenter.net/wp-content/uploads/2016/05/Viola-conspersa-V-labradorica-UWI-RWF.jpg
Marsh Blue Violet,Viola Cucullata,Viola,Violaceae,pale purple,0,0,0,0,6,26,h,"Partial Sun, Shade","Moist, Wet","Clay, Loamy, Sandy",http://www.nativeplantcenter.net/wp-content/uploads/2016/05/Viola-cucullata-RHW.jpg
Halberdleaf Yellow Violet,Viola Hastata,Viola,Violaceae,yellow w/ violet,0.5,1,0,0,6,26,h,"Full Sun, Partial Sun",Dry,,http://www.nativeplantcenter.net/wp-content/uploads/2016/05/Viola-hastata-RHW.jpg
Bird'S Foot Violet,Viola Pedata,Viola,Violaceae,pale blue or w/ purple-black tips,0,0,0,0,6,26,h,"Full Sun, Partial Sun","Dry, Moist","Loamy, Sandy",http://www.nativeplantcenter.net/wp-content/uploads/2016/05/Viola-pedata-RHW.jpg
Yellow Violet,Viola Pubescens Var. Pubescens,Viola,Violaceae,yellow,0.5,1.5,0,0,6,26,h,"Partial Sun, Shade",Moist,Loamy,http://www.nativeplantcenter.net/wp-content/uploads/2016/05/Viola-pubescens-V-pennsylvanica-RHW.jpg
Common Blue Violet,Viola Sororia,Viola,Violaceae,dark blue,0.5,0.5,0,0,6,26,h,"Full Sun, Partial Sun, Shade",Moist,"Clay, Loamy",http://www.nativeplantcenter.net/wp-content/uploads/2016/05/Viola-sororia-V-papilionacea-RHW.jpg
Striped Cream Violet,Viola Striata,Viola,Violaceae,ivory w/ purple,0.5,1,0,0,6,26,h,Partial Sun,"Moist, Wet",Loamy,http://www.nativeplantcenter.net/wp-content/uploads/2016/05/Viola-striata-MP.jpg
Netted Chain Fern,Woodwardia Areolata,Woodwardia,Blechnaceae,unknown,0.5,2,0,0,6,3,h,"Partial Sun, Shade","Moist, Wet",,http://www.nativeplantcenter.net/wp-content/uploads/2016/05/Woodwardia-areolata-PLANTS-RM91.jpg
Virginia Chain Fern,Woodwardia Virginica,Woodwardia,Blechnaceae,unknown,3,6,0,0,6,3,h,"Partial Sun, Shade","Moist, Wet",,http://www.nativeplantcenter.net/wp-content/uploads/2016/05/Woodwardia-virginica-PLANTS.jpg
Adam'S Needle,Yucca Filamentosa,Yucca,Agavaceae,white,2,2.5,0,0,6,6,h,Full Sun,Dry,"Loamy, Sandy",http://www.nativeplantcenter.net/wp-content/uploads/2016/05/Yucca-filamentosa-RHW.jpg
Wild Rice,Zizania Aquatica,Zizania,Poaceae,unknown,6,10,0,0,6,4,h,Full Sun,"Flooded, Moist, Wet","Clay, Loamy, Sandy",http://www.nativeplantcenter.net/wp-content/uploads/2016/05/Zizania-aquatica-RHW.jpg
Golden-Alexanders,Zizia Aurea,Zizia,Apiaceae,yellow,1,2.5,0,0,6,2,h,"Full Sun, Partial Sun, Shade","Dry, Moist","Clay, Loamy, Sandy",http://www.nativeplantcenter.net/wp-content/uploads/2016/05/Zizia-aurea-RHW.jpg
