commonName,scientificName,family,color,sizeLower,sizeUpper,spreadRadiusLower,spreadRadiusUpper,sunLevel,moisutre,soilType,cost,lepsSupported,type,photoLink
"box elder, ash leaf maple, Manitoba maple",Acer negundo,Aceraceae,yellow-green,30,60ft,30,60,"Full Sun, Partial Sun","Moist, Wet","Clay, Loamy, Sandy",N/A,N/A,N/A,http://www.nativeplantcenter.net/wp-content/uploads/2016/05/Acer-negundo-1-USFWS-BES.jpg
"red maple, scarlet maple, swamp maple, soft maple",Acer rubrum,Aceraceae,(inconspicuous),40,100ft,30,75,"Full Sun, Partial Sun","Moist, Wet","Clay, Loamy, Sandy",N/A,N/A,N/A,http://www.nativeplantcenter.net/wp-content/uploads/2016/05/Acer-rubrum-1-USFWS-BES.jpg
"silver maple, white maple, river maple, soft maple",Acer saccharinum,Aceraceae,greenish yellow,50,100ft,75,100,"Full Sun, Partial Sun","Moist, Wet","Clay, Loamy, Sandy",N/A,N/A,N/A,http://www.nativeplantcenter.net/wp-content/uploads/2016/05/Acer-saccharinum-PLANTS-DEH.jpg
sugar maple,Acer saccharum,Aceraceae,yellow-green,60,100ft,50,75,"Full Sun, Partial Sun, Shade",Moist,"Loamy, Sandy",N/A,N/A,N/A,http://www.nativeplantcenter.net/wp-content/uploads/2016/05/Acer-saccharum-USDA-JE.jpg
mountain maple,Acer spicatum,Aceraceae,yellow green,20,35ft,20,35,"Partial Sun, Shade",Moist,Loamy,N/A,N/A,N/A,http://www.nativeplantcenter.net/wp-content/uploads/2016/05/Acer-spicatum-RHW.jpg
doll's eyes,Actaea pachypoda,Ranunculaceae,whitish,1,3ft; ,N/A,N/A,"Partial Sun, Shade",Moist,"Clay, Loamy, Sandy",N/A,N/A,N/A,http://www.nativeplantcenter.net/wp-content/uploads/2016/05/Actaea-pachypoda-1-RHW.jpg
northern maidenhair fern,Adiantum pedatum,Pteridaceae,,1,2ft; ,N/A,N/A,"Partial Sun, Shade",Moist,"Loamy, Sandy",N/A,N/A,N/A,http://www.nativeplantcenter.net/wp-content/uploads/2016/05/Adiantum-pedatum-UWI-MC.jpg
purple false foxglove,Agalinis purpurea,Scrophulariaceae,"rose-purple, white",1,4ft; ,N/A,N/A,Full Sun,"Moist, Wet",Sandy,N/A,N/A,N/A,http://www.nativeplantcenter.net/wp-content/uploads/2016/05/Agalinis-purpurea-RHW.jpg
white snakeroot,Ageratina altissima var. altissima,Asteraceae,white,1,5ft; ,N/A,N/A,"Full Sun, Partial Sun, Shade","Dry, Moist","Clay, Loamy, Sandy",N/A,N/A,N/A,http://www.nativeplantcenter.net/wp-content/uploads/2016/05/Ageratina-altissima-Eupatorium-rugosum-3-USFWS-BES.jpg
autumn bentgrass,Agrostis perennans,Poaceae,,1,3ft; ,N/A,N/A,"Full Sun, Partial Sun, Shade","Dry, Moist, Wet","Clay, Loamy",N/A,N/A,N/A,http://www.nativeplantcenter.net/wp-content/uploads/2016/05/Agrostis-perennans-PLANTS-1997.jpg
nodding onion,Allium cernuum,Liliaceae,"pink, rose, white",0.5,2.5ft; ,N/A,N/A,"Full Sun, Partial Sun",Moist,"Loamy, Sandy",N/A,N/A,N/A,http://www.nativeplantcenter.net/wp-content/uploads/2016/05/Allium-cernuum-RHW.jpg
"smooth alder, hazel alder",Alnus serrulata,Betulaceae,purple,12,20ft,12,20,Full Sun,"Flooded, Moist, Wet","Clay, Loamy",N/A,N/A,N/A,http://www.nativeplantcenter.net/wp-content/uploads/2016/05/Alnus-serrulata-1-USFWS-BES.jpg
"downy serviceberry, shadbush",Amelanchier arborea,Rosaceae,white,15,25ft; ,N/A,N/A,"Partial Sun, Shade","Dry, Moist","Loamy, Sandy",N/A,N/A,N/A,http://www.nativeplantcenter.net/wp-content/uploads/2016/05/Amelanchier-arborea-RHW.jpg
"serviceberry, shadbush, shadblow serviceberry, Canadian serviceberry",Amelanchier canadensis,Rosaceae,white,35,50ft,35,50,"Partial Sun, Shade","Moist, Wet","Clay, Loamy, Sandy",N/A,N/A,N/A,http://www.nativeplantcenter.net/wp-content/uploads/2016/05/Amelanchier-can-CM-NRCS.jpg
"dunegrass, American beachgrass",Ammophila breviligulata,Poaceae,,1.5,3.5ft; ,N/A,N/A,Full Sun,Dry,"Loamy, Sandy",N/A,N/A,N/A,http://www.nativeplantcenter.net/wp-content/uploads/2016/05/Ammophila-breviligulata-UWI-RRK.jpg
big bluestem,Andropogon gerardii,Poaceae,,2,6.5ft; ,N/A,N/A,"Full Sun, Partial Sun","Dry, Moist, Wet","Clay, Loamy, Sandy",N/A,N/A,N/A,http://www.nativeplantcenter.net/wp-content/uploads/2016/05/Andropogon-gerardii-RHW.jpg
bushy bluestem,Andropogon glomeratus,Poaceae,reddish brown,1.5,5ft; ,N/A,N/A,"Full Sun, Partial Sun","Moist, Wet","Clay, Loamy, Sandy",N/A,N/A,N/A,http://www.nativeplantcenter.net/wp-content/uploads/2016/05/Andropogon-glomeratus-PLANTS.jpg
broomsedge,Andropogon virginicus,Poaceae,reddish brown,1,3ft; ,N/A,N/A,Full Sun,"Dry, Moist, Wet","Clay, Loamy, Sandy",N/A,N/A,N/A,http://www.nativeplantcenter.net/wp-content/uploads/2016/05/Andropogon-virginicus-PLANTS-JS.jpg
"round-leaved anemone, Canadian anemone, thimbleweed",Anemone canadensis,Ranunculaceae,white,0.5,3ft; ,N/A,N/A,"Full Sun, Partial Sun",Moist,"Clay, Loamy",N/A,N/A,N/A,http://www.nativeplantcenter.net/wp-content/uploads/2016/05/Anemone-canadensis-RHW.jpg
"thimbleweed, tall anemone",Anemone virginiana,Ranunculaceae,whitish,1,2.5ft; ,N/A,N/A,"Full Sun, Partial Sun","Dry, Moist","Clay, Loamy, Sandy",N/A,N/A,N/A,http://www.nativeplantcenter.net/wp-content/uploads/2016/05/Anemone-virginiana-RHW.jpg
field pussytoes,Antennaria neglecta,Asteraceae,white,0.5,1.5ft; ,N/A,N/A,"Full Sun, Partial Sun","Dry, Moist","Clay, Loamy",N/A,N/A,N/A,http://www.nativeplantcenter.net/wp-content/uploads/2016/05/Antennaria-neglecta-UWI-JRS.jpg
eastern or wild columbine,Aquilegia canadensis,Ranunculaceae,red-yellow,0.5,3ft; ,N/A,N/A,"Full Sun, Partial Sun","Dry, Moist",Loamy,N/A,N/A,N/A,http://www.nativeplantcenter.net/wp-content/uploads/2016/05/Aquilegia-canadensis-1-RHW.jpg
wild sarsaparilla,Aralia nudicaulis,Araliaceae,white or green,0.5,1.5ft; ,N/A,N/A,"Partial Sun, Shade","Dry, Moist","Clay, Loamy, Sandy",N/A,N/A,N/A,http://www.nativeplantcenter.net/wp-content/uploads/2016/05/Aralia-nudicaulis-RHW.jpg
spikenard,Aralia racemosa,Araliaceae,greenish-white,1.5,6.5ft; ,N/A,N/A,"Partial Sun, Shade",Moist,"Clay, Loamy, Sandy",N/A,N/A,N/A,http://www.nativeplantcenter.net/wp-content/uploads/2016/05/Aralia-racemosa-1-RHW.jpg
Devil's walking stick,Aralia spinosa,Araliaceae,white,20,30ft,12,20,"Full Sun, Partial Sun","Dry, Moist","Clay, Loamy, Sandy",N/A,N/A,N/A,http://www.nativeplantcenter.net/wp-content/uploads/2016/05/Aralia-spinosa-RHW.jpg
Jack-in-the-pulpit,Arisaema triphyllum,Araceae,"striped, purple or green",1,3ft; ,N/A,N/A,"Partial Sun, Shade","Moist, Wet","Loamy, Sandy",N/A,N/A,N/A,http://www.nativeplantcenter.net/wp-content/uploads/2016/05/DSC_2228-e1465928083710-700x467.jpg
"pipevine, Dutchman's pipe",Aristolochia macrophylla,Aristolochiaceae,yellowish to purplish,20,36ft; ,N/A,N/A,"Full Sun, Partial Sun",Moist,Loamy,N/A,N/A,N/A,http://www.nativeplantcenter.net/wp-content/uploads/2016/05/Aristolochia-durior-A-macrophylla-RHW.jpg
goat's-beard,Aruncus dioicus,Rosaceae,white,3.5,6.5ft; ,N/A,N/A,"Full Sun, Partial Sun","Moist, Wet","Clay, Loamy, Sandy",N/A,N/A,N/A,http://www.nativeplantcenter.net/wp-content/uploads/2016/05/Aruncus-dioicus-USFWS-BES.jpg
wild ginger,Asarum canadense,Aristolochiaceae,brownish-purple,0.5,0.5ft; ,N/A,N/A,"Partial Sun, Shade",Moist,"Clay, Loamy, Sandy",N/A,N/A,N/A,http://www.nativeplantcenter.net/wp-content/uploads/2016/05/DSC_4235-700x467.jpg
swamp milkweed,Asclepias incarnata,Asclepiadaceae,pink to reddish,4,6ft; ,N/A,N/A,"Full Sun, Partial Sun","Moist, Wet","Clay, Loamy",N/A,N/A,N/A,http://www.nativeplantcenter.net/wp-content/uploads/2016/05/Asclepias-incarnata-USFWS-RL.jpg
common milkweed,Asclepias syriaca,Asclepiadaceae,pale purple,3.5,6.5ft; ,N/A,N/A,Full Sun,Dry,"Loamy, Sandy",N/A,N/A,N/A,http://www.nativeplantcenter.net/wp-content/uploads/2016/05/Asclepias-syriaca-1-RHW.jpg
"butterflyweed, butterfly milkweed, butterfly flower",Asclepias tuberosa,Asclepiadaceae,orange,1,3ft; ,N/A,N/A,"Full Sun, Partial Sun","Dry, Moist","Loamy, Sandy",N/A,N/A,N/A,http://www.nativeplantcenter.net/wp-content/uploads/2016/05/Asclepias-tuberosa-1-USFWS-RL.jpg
paw-paw,Asimina triloba,Annonaceae,purple,20,35ft,20,35,Full Sun,Moist,"Loamy, Sandy",N/A,N/A,N/A,http://www.nativeplantcenter.net/wp-content/uploads/2016/05/Asimina-triloba-1-PLANTS-JSP.jpg
ebony spleenwort,Asplenium platyneuron,Aspleniaceae,,0.5,1.5ft; ,N/A,N/A,"Full Sun, Partial Sun, Shade",Moist,"Clay, Loamy, Sandy",N/A,N/A,N/A,http://www.nativeplantcenter.net/wp-content/uploads/2016/05/Asplenium-playtneuron-RHW.jpg
northern lady fern,Athyrium filix-femina,Dryopteridaceae,,1,3ft; ,N/A,N/A,Partial Sun,"Moist, Wet","Loamy, Sandy",N/A,N/A,N/A,http://www.nativeplantcenter.net/wp-content/uploads/2016/05/Athyrium-filix-femina-UWI-KJS.jpg
"high-tide bush, groundsel tree, sea myrtle",Baccharis halimifolia,Asteraceae,white,6,12ft,6,12,Full Sun,"Dry, Flooded, Moist, Wet","Clay, Loamy, Sandy",N/A,N/A,N/A,http://www.nativeplantcenter.net/wp-content/uploads/2016/05/Baccharis-halimifolia-USFWS-BES.jpg
"wild blue indigo, false blue indigo",Baptisia australis,Fabaceae,"blue, purple",3,5ft; ,N/A,N/A,"Full Sun, Partial Sun","Dry, Moist",Sandy,N/A,N/A,N/A,http://www.nativeplantcenter.net/wp-content/uploads/2016/05/Baptisia-australis-1-USFWS-BES.jpg
yellow wild indigo,Baptisia tinctoria,Fabaceae,yellow,1,3ft; ,N/A,N/A,"Full Sun, Partial Sun",Dry,"Loamy, Sandy",N/A,N/A,N/A,http://www.nativeplantcenter.net/wp-content/uploads/2016/05/Baptisia-tinctoria-RHW.jpg
yellow birch,Betula alleghaniensis,Betulaceae,yellow green,60,80ft,35,50,Partial Sun,"Moist, Wet","Loamy, Sandy",N/A,N/A,N/A,http://www.nativeplantcenter.net/wp-content/uploads/2016/05/Betula-alleghaniensis-PLANTS-RM.jpg
"sweet birch, black birch, cherry birch",Betula lenta,Betulaceae,yellow green,50,75ft,35,50,"Full Sun, Partial Sun","Dry, Moist","Loamy, Sandy",N/A,N/A,N/A,http://www.nativeplantcenter.net/wp-content/uploads/2016/05/Betula-lenta-1-USFWS-BES.jpg
"river birch, red birch, black birch",Betula nigra,Betulaceae,dark brown,50,75ft,35,50,"Full Sun, Partial Sun","Moist, Wet","Clay, Loamy",N/A,N/A,N/A,http://www.nativeplantcenter.net/wp-content/uploads/2016/05/Betula-nigra-1-USFWS-BES.jpg
"nodding beggar-ticks, nodding bur marigold",Bidens cernua,Asteraceae,yellow,0.5,3ft; ,N/A,N/A,"Full Sun, Partial Sun","Dry, Moist","Clay, Loamy, Sandy",N/A,N/A,N/A,http://www.nativeplantcenter.net/wp-content/uploads/2016/05/Bidens-cernua-RHW.jpg
crossvine,Bignonia capreolata,Bignoniaceae,orange with red,30,45ft,20,35,"Full Sun, Partial Sun","Dry, Moist, Wet","Clay, Loamy, Sandy",N/A,N/A,N/A,http://www.nativeplantcenter.net/wp-content/uploads/2016/05/Bignonia-capreolata-USFWS-BES.jpg
"star boltonia, white doll's daisy",Boltonia asteroides,Asteraceae,white,0.5,2.5ft; ,N/A,N/A,"Full Sun, Partial Sun","Dry, Moist, Wet","Loamy, Sandy",N/A,N/A,N/A,http://www.nativeplantcenter.net/wp-content/uploads/2016/05/Boltonia-asteroides-USFWS-BES.jpg
rattlesnake fern,Botrychium virginianum,Ophioglossaceae,,1,2ft; ,N/A,N/A,"Partial Sun, Shade","Dry, Moist",Loamy,N/A,N/A,N/A,http://www.nativeplantcenter.net/wp-content/uploads/2016/05/Botrychium-virginianum-RHW.jpg
bluejoint reedgrass,Calamagrostis canadensis,Poaceae,,1.5,5ft; ,N/A,N/A,"Full Sun, Partial Sun","Moist, Wet","Clay, Loamy",N/A,N/A,N/A,http://www.nativeplantcenter.net/wp-content/uploads/2016/05/Calamagrostis-canadensis-PLANTS-1995.jpg
"American beautyberry, French mulberry",Callicarpa americana,Verbenaceae,lavender-pink,6,6ft,6,6,"Full Sun, Partial Sun","Dry, Moist","Clay, Loamy, Sandy",N/A,N/A,N/A,http://www.nativeplantcenter.net/wp-content/uploads/2016/05/Callicarpa-americana-USFWS-BES.jpg
marsh marigold,Caltha palustris,Ranunculaceae,bright yellow,1,2ft; ,N/A,N/A,"Full Sun, Partial Sun","Flooded, Wet","Clay, Loamy",N/A,N/A,N/A,http://www.nativeplantcenter.net/wp-content/uploads/2016/05/Caltha-palustris-RHW.jpg
"American bellflower, tall bellflower",Campanulastrum americanum,Campanulaceae,light blue,1.5,6.5ft; ,N/A,N/A,"Partial Sun, Shade",Moist,"Clay, Loamy, Sandy",N/A,N/A,N/A,http://www.nativeplantcenter.net/wp-content/uploads/2016/05/Campanulastrum-americanum-RHW.jpg
"trumpet vine, trumpet creeper",Campsis radicans,Bignoniaceae,orange,30,30ft,20,35,"Full Sun, Partial Sun","Dry, Moist","Clay, Loamy, Sandy",N/A,N/A,N/A,http://www.nativeplantcenter.net/wp-content/uploads/2016/05/Campsis-radicans-USFWS-BES.jpg
toothwort,Cardamine concatenata,Brassicaceae,"white, purplish",1,1.5ft; ,N/A,N/A,Shade,Moist,"Loamy, Sandy",N/A,N/A,N/A,http://www.nativeplantcenter.net/wp-content/uploads/2016/05/Cardamine-concatenata-Dentaria-laciniata-RHW.jpg
long hair sedge,Carex crinita var. crinita,Cyperaceae,,1,5ft; ,N/A,N/A,"Full Sun, Partial Sun","Moist, Wet","Clay, Loamy",N/A,N/A,N/A,http://www.nativeplantcenter.net/wp-content/uploads/2016/05/Carex-crinita-var-crinita-RHW.jpg
blue wood sedge,Carex glaucodea,Cyperaceae,brown to reddish,0.5,2ft; ,N/A,N/A,"Partial Sun, Shade","Dry, Moist",,N/A,N/A,N/A,http://www.nativeplantcenter.net/wp-content/uploads/2016/05/Carex-glaucodea-1-NYNHP.jpg
"sallow sedge, lurid sedge",Carex lurida,Cyperaceae,,1,3.5ft; ,N/A,N/A,"Full Sun, Partial Sun",Wet,"Clay, Loamy, Sandy",N/A,N/A,N/A,http://www.nativeplantcenter.net/wp-content/uploads/2016/05/Carex-lurida-RHW.jpg
Pennsylvania sedge,Carex pensylvanica,Cyperaceae,reddish to white,0.5,1.5ft; ,N/A,N/A,"Partial Sun, Shade","Dry, Moist",Sandy,N/A,N/A,N/A,http://www.nativeplantcenter.net/wp-content/uploads/2016/05/Carex-pensylvanica-1-CM-NRCS.jpg
tussock sedge,Carex stricta,Cyperaceae,reddish to purple brown,1,3.5ft; ,N/A,N/A,Full Sun,"Flooded, Moist, Wet","Clay, Loamy, Sandy",N/A,N/A,N/A,http://www.nativeplantcenter.net/wp-content/uploads/2016/05/Carex-stricta-CM-NRCS.jpg
fox sedge,Carex vulpinoidea,Cyperaceae,,0.5,3.5ft; ,N/A,N/A,"Full Sun, Partial Sun","Flooded, Wet","Clay, Loamy",N/A,N/A,N/A,http://www.nativeplantcenter.net/wp-content/uploads/2016/05/Carex-vulpinoidea-UWI-RWF.jpg
"American hornbeam, musclewood, ironwood, blue beech",Carpinus caroliniana,Betulaceae,red or reddish-green,13,40ft,35,50,"Partial Sun, Shade",Moist,"Loamy, Sandy",N/A,N/A,N/A,http://www.nativeplantcenter.net/wp-content/uploads/2016/05/Carpinus-caroliniana-USFWS-BES.jpg
mockernut hickory,Carya alba,Juglandaceae,light green,60,100ft,35,50,"Partial Sun, Shade","Dry, Moist","Loamy, Sandy",N/A,N/A,N/A,http://www.nativeplantcenter.net/wp-content/uploads/2016/05/Carya-alba-USDA-NRCS.jpg
"bitternut hickory, swamp hickory, pignut, bitternut",Carya cordiformis,Juglandaceae,yellow-green,60,100ft,60,100,Full Sun,"Moist, Wet","Clay, Loamy, Sandy",N/A,N/A,N/A,http://www.nativeplantcenter.net/wp-content/uploads/2016/05/Carya-cordiformis-PLANTS.jpg
"pignut hickory, sweet pignut hickory, smooth bark hickory",Carya glabra,Juglandaceae,yellow-green,60,100ft,35,50,"Full Sun, Partial Sun","Dry, Moist, Wet",Loamy,N/A,N/A,N/A,http://www.nativeplantcenter.net/wp-content/uploads/2016/05/Carya-glabra-CM-NRCS.jpg
"shagbark hickory, scalybark hickory, shellbark hickory",Carya ovata,Juglandaceae,yellow-green,70,100ft,35,50,Full Sun,Moist,"Loamy, Sandy",N/A,N/A,N/A,http://www.nativeplantcenter.net/wp-content/uploads/2016/05/Carya-ovata-USDA-NRCS.jpg
"chinquapin, chinkapin, eastern chinkapin, Allegany chinkapin",Castanea pumila,Fagaceae,pale yellow,12,20ft,12,20,"Full Sun, Partial Sun",Dry,"Loamy, Sandy",N/A,N/A,N/A,http://www.nativeplantcenter.net/wp-content/uploads/2016/05/Castanea-pumila-RHW.jpg
blue cohosh,Caulophyllum thalictroides,Berberidaceae,"green-yellow, green-purple",1,2.5ft; ,N/A,N/A,"Full Sun, Partial Sun",Moist,Loamy,N/A,N/A,N/A,http://www.nativeplantcenter.net/wp-content/uploads/2016/05/Caulophyllum-thalictroides-RHW.jpg
New Jersey tea,Ceanothus americanus,Rhamnaceae,white,3,3ft,3,6,"Full Sun, Partial Sun",Dry,"Clay, Loamy, Sandy",N/A,N/A,N/A,http://www.nativeplantcenter.net/wp-content/uploads/2016/05/Ceanothus-americanus-RHW.jpg
American bittersweet,Celastrus scandens,Celastraceae,greenish,3,35ft,6,20,"Full Sun, Partial Sun, Shade","Dry, Moist","Clay, Loamy, Sandy",N/A,N/A,N/A,http://www.nativeplantcenter.net/wp-content/uploads/2016/05/Celastrus-scandens-1-PLANTS-TGB.jpg
"common hackberry, sugarberry, nettletree",Celtis occidentalis,Ulmaceae,"yellow green, brown tint",40,100ft,40,100,"Full Sun, Partial Sun, Shade","Dry, Flooded, Moist, Wet","Clay, Loamy, Sandy",N/A,N/A,N/A,http://www.nativeplantcenter.net/wp-content/uploads/2016/05/Celtis-occidentalis-UWI-KK.jpg
buttonbush,Cephalanthus occidentalis,Rubiaceae,creamy white,6,12ft,12,20,"Full Sun, Partial Sun, Shade","Flooded, Moist, Wet","Clay, Loamy, Sandy",N/A,N/A,N/A,http://www.nativeplantcenter.net/wp-content/uploads/2016/05/Cephalanthus-occidentalis-RHW.jpg
eastern redbud,Cercis canadensis,Fabaceae,pink to lavender,20,35ft,20,35,"Partial Sun, Shade","Dry, Moist","Loamy, Sandy",N/A,N/A,N/A,http://www.nativeplantcenter.net/wp-content/uploads/2016/05/Cercis-canadensis-1-USFWS-BES.jpg
"partridge pea, prairie senna",Chamaecrista fasciculata,Caesalpiniaceae,yellow,0.5,3ft; ,N/A,N/A,Full Sun,Dry,Sandy,N/A,N/A,N/A,http://www.nativeplantcenter.net/wp-content/uploads/2016/05/Chamaecrista-fasciculata-Cassia-f-RHW.jpg
Atlantic white cedar,Chamaecyparis thyoides,Cupressaceae,greenish brown,75,75ft; ,N/A,N/A,"Partial Sun, Shade","Moist, Wet","Clay, Loamy, Sandy",N/A,N/A,N/A,http://www.nativeplantcenter.net/wp-content/uploads/2016/05/Chamaecyparis-thyoides-1-PLANTS-1997.jpg
fireweed,Chamerion angustifolium spp angustifolium,Onagraceae,"magenta, pink, rarely white",3,10ft; ,N/A,N/A,Full Sun,"Dry, Moist","Clay, Loamy, Sandy",N/A,N/A,N/A,http://www.nativeplantcenter.net/wp-content/uploads/2016/05/Chamerion-angusjpgolium-Epilobium-ang-1-RHW.jpg
"wild oats, river oats, sea oats, spanglegrass",Chasmanthium latifolium,Poaceae,green then tan,2,5ft; ,N/A,N/A,"Full Sun, Partial Sun","Dry, Moist","Clay, Loamy, Sandy",N/A,N/A,N/A,http://www.nativeplantcenter.net/wp-content/uploads/2016/05/Chasmanthium-latifolium-whole-plant-BES.jpg
"white turtlehead, turtlehead",Chelone glabra,Scrophulariaceae,white,1.5,6.5ft; ,N/A,N/A,"Full Sun, Partial Sun","Moist, Wet","Clay, Loamy, Sandy",N/A,N/A,N/A,http://www.nativeplantcenter.net/wp-content/uploads/2016/05/Chelone-glabra-RHW.jpg
"striped wintergreen, striped prince's pine",Chimaphila maculata,Pyrolaceae,white,0.5,0.5ft; ,N/A,N/A,"Partial Sun, Shade",Dry,"Clay, Loamy, Sandy",N/A,N/A,N/A,http://www.nativeplantcenter.net/wp-content/uploads/2016/05/Chimaphila-maculata-RHW.jpg
white fringetree,Chionanthus virginicus,Oleaceae,white,20,35ft,20,35,"Full Sun, Partial Sun, Shade","Dry, Moist","Loamy, Sandy",N/A,N/A,N/A,http://www.nativeplantcenter.net/wp-content/uploads/2016/05/Chionanthus-virginicus-1-USFWS-RS.jpg
"green-and-gold, golden knees",Chrysogonum virginianum,Asteraceae,yellow,0.5,1ft; ,N/A,N/A,"Full Sun, Partial Sun, Shade","Dry, Moist",Loamy,N/A,N/A,N/A,http://www.nativeplantcenter.net/wp-content/uploads/2016/05/Chrysogonum-virginianum-USFWS-BES.jpg
"golden aster, Maryland golden aster",Chrysopsis mariana,Asteraceae,yellow,0.5,2.5ft; ,N/A,N/A,"Full Sun, Partial Sun",Dry,Sandy,N/A,N/A,N/A,http://www.nativeplantcenter.net/wp-content/uploads/2016/05/Chrysopsis-mariana-RHW.jpg
"black snakeroot, black cohosh, fairy candles",Cimicifuga racemosa,Ranunculaceae,white,2.5,8.5ft; ,N/A,N/A,"Partial Sun, Shade",Moist,"Clay, Loamy, Sandy",N/A,N/A,N/A,http://www.nativeplantcenter.net/wp-content/uploads/2016/05/Cimicifuga-racemosa-RHW.jpg
"narrowleaf spring beauty, spring beauty",Claytonia virginica,Portulacaceae,white with pink,0.5,1ft; ,N/A,N/A,Shade,Moist,Loamy,N/A,N/A,N/A,http://www.nativeplantcenter.net/wp-content/uploads/2016/05/Claytonia-virginica-RHW.jpg
"leather flower, vasevine",Clematis viorna,Ranunculaceae,purple,6,6ft; ,N/A,N/A,"Partial Sun, Shade","Dry, Moist",,N/A,N/A,N/A,http://www.nativeplantcenter.net/wp-content/uploads/2016/05/Clematis-viorna-RHW.jpg
virgin's bower,Clematis virginiana,Ranunculaceae,white,6,20ft,6,12,"Full Sun, Partial Sun, Shade","Dry, Moist","Clay, Loamy, Sandy",N/A,N/A,N/A,http://www.nativeplantcenter.net/wp-content/uploads/2016/05/Clematis-virginiana-USFWS-BES.jpg
"sweet pepperbush, summersweet",Clethra alnifolia,Clethraceae,white/ pink,6,12ft,3,6,"Partial Sun, Shade","Moist, Wet","Clay, Loamy, Sandy",N/A,N/A,N/A,http://www.nativeplantcenter.net/wp-content/uploads/2016/05/Clethra-alnifolia-USFWS.jpg
Maryland butterfly pea,Clitoria mariana,Fabaceae,pale blue or pinkish,6,6ft; ,N/A,N/A,"Full Sun, Partial Sun",Dry,Sandy,N/A,N/A,N/A,http://www.nativeplantcenter.net/wp-content/uploads/2016/05/Clitoria-mariana-RHW.jpg
sweetfern,Comptonia peregrina,Myricacea,yellow-green,3,3ft,3,6,"Full Sun, Partial Sun",Dry,"Loamy, Sandy",N/A,N/A,N/A,http://www.nativeplantcenter.net/wp-content/uploads/2016/05/Comptonia-peregrina-USFWS-BES.jpg
"mistflower, wild ageratum",Conoclinium coelestinum,Asteraceae,"blue, violet or purple",1,3.5ft; ,N/A,N/A,"Partial Sun, Shade","Dry, Moist, Wet","Clay, Loamy",N/A,N/A,N/A,http://www.nativeplantcenter.net/wp-content/uploads/2016/05/Conoclinium-coelestinum-Eupatorium-c-RHW.jpg
"tall coreopsis, tall tickseed",Coreopsis tripteris,Asteraceae,yellow,3.5,10ft; ,N/A,N/A,"Full Sun, Partial Sun","Dry, Moist","Loamy, Sandy",N/A,N/A,N/A,http://www.nativeplantcenter.net/wp-content/uploads/2016/05/Coreopsis-tripteris-RHW.jpg
threadleaf coreopsis,Coreopsis verticillata,Asteraceae,yellow,0.5,3.5ft; ,N/A,N/A,"Full Sun, Partial Sun","Dry, Moist",Loamy,N/A,N/A,N/A,http://www.nativeplantcenter.net/wp-content/uploads/2016/05/Coreopsis-verticillata-USFWS-BES.jpg
"alternate-leaf dogwood, pagoda dogwood",Cornus alternifolia,Cornaceae,creamy white,15,25ft,15,35,"Partial Sun, Shade",Moist,Loamy,N/A,N/A,N/A,http://www.nativeplantcenter.net/wp-content/uploads/2016/05/Cornus-alternifolia-CM-NRCS.jpg
"silky dogwood, red willow, silky cornel",Cornus amomum,Cornaceae,white,6,12ft,6,12,"Full Sun, Partial Sun","Moist, Wet","Clay, Loamy, Sandy",N/A,N/A,N/A,http://www.nativeplantcenter.net/wp-content/uploads/2016/05/Cornus-amomum-RHW.jpg
flowering dogwood,Cornus florida,Cornaceae,white,20,50ft,20,50,Partial Sun,"Dry, Moist",Loamy,N/A,N/A,N/A,http://www.nativeplantcenter.net/wp-content/uploads/2016/05/DSC_4224-700x467.jpg
"red-panicled dogwood, gray dogwood",Cornus racemosa,Cornaceae,white,6,12ft,6,12,"Full Sun, Partial Sun, Shade","Dry, Moist","Clay, Loamy",N/A,N/A,N/A,http://www.nativeplantcenter.net/wp-content/uploads/2016/05/Cornus-racemosa-1-UWI-KJS.jpg
American hazelnut or filbert,Corylus americana,Betulaceae,brown or red,10,15ft,6,12,Partial Sun,"Dry, Moist","Clay, Loamy",N/A,N/A,N/A,http://www.nativeplantcenter.net/wp-content/uploads/2016/05/Corylus-americana-1-UCONN.jpg
cockspur hawthorn,Crataegus crus-galli,Rosaceae,white,20,35ft,20,35,"Full Sun, Partial Sun","Dry, Moist","Clay, Loamy, Sandy",N/A,N/A,N/A,http://www.nativeplantcenter.net/wp-content/uploads/2016/05/Crataegus-crus-galli-USDA-JE.jpg
"southern thorn, green hawthorn",Crataegus viridis,Rosaceae,white,20,35ft; ,N/A,N/A,"Partial Sun, Shade","Moist, Wet","Clay, Loamy",N/A,N/A,N/A,http://www.nativeplantcenter.net/wp-content/uploads/2016/05/Crataegus-viridis-PLANTS.jpg
"poverty oatgrass, poverty grass",Danthonia spicata,Poaceae,,0.5,2ft; ,N/A,N/A,"Full Sun, Partial Sun, Shade","Dry, Moist",Sandy,N/A,N/A,N/A,http://www.nativeplantcenter.net/wp-content/uploads/2016/05/Danthonia-spicata-poverty-oatgrass-cUWI-Robert-W-Freckmann.jpg
dwarf larkspur,Delphinium tricorne,Ranunculaceae,"blue, violet, white, variegated",0.5,3ft; ,N/A,N/A,"Partial Sun, Shade",Moist,,N/A,N/A,N/A,http://www.nativeplantcenter.net/wp-content/uploads/2016/05/Delphinium-tricorne-RHW.jpg
hay-scented fern,Dennstaedtia punctilobula,Dennstaedtiaceae,,1,3ft; ,N/A,N/A,"Full Sun, Partial Sun","Dry, Moist",Loamy,N/A,N/A,N/A,http://www.nativeplantcenter.net/wp-content/uploads/2016/05/Dennstaedtia-punctiloba-UWI-RWF.jpg
panicled or narrow-leaf tick-trefoil,Desmodium paniculatum,Fabaceae,purplish or green,1,3.5ft; ,N/A,N/A,"Full Sun, Partial Sun",Dry,"Clay, Loamy",N/A,N/A,N/A,http://www.nativeplantcenter.net/wp-content/uploads/2016/05/Desmodium-paniculatum-RHW.jpg
squirrel corn,Dicentra canadensis,Fumariaceae,"greenish-white, rose tinge",0.5,1ft; ,N/A,N/A,"Partial Sun, Shade",Moist,Loamy,N/A,N/A,N/A,http://www.nativeplantcenter.net/wp-content/uploads/2016/05/Dicentra-canadensis-RHW.jpg
Dutchman's breeches,Dicentra cucullaria,Fumariaceae,white to cream,0.5,1ft; ,N/A,N/A,"Partial Sun, Shade",Moist,"Loamy, Sandy",N/A,N/A,N/A,http://www.nativeplantcenter.net/wp-content/uploads/2016/05/Dicentra-cucullaria-RHW.jpg
wild bleeding heart,Dicentra eximia,Fumariaceae,pink/white,1.5,2ft; ,N/A,N/A,"Partial Sun, Shade","Dry, Moist",Loamy,N/A,N/A,N/A,http://www.nativeplantcenter.net/wp-content/uploads/2016/05/Dicentra-eximia-RHW.jpg
deer-tongue,Dichanthelium clandestinum,Poaceae,,2,5ft; ,N/A,N/A,"Full Sun, Partial Sun","Dry, Moist, Wet","Clay, Loamy, Sandy",N/A,N/A,N/A,http://www.nativeplantcenter.net/wp-content/uploads/2016/05/Dichanthelium-clandestinum-USDA-JE.jpg
variable panicgrass,Dichanthelium commutatum,Poaceae,,1,2.5ft; ,N/A,N/A,"Partial Sun, Shade","Dry, Moist","Loamy, Sandy",N/A,N/A,N/A,http://www.nativeplantcenter.net/wp-content/uploads/2016/05/Dichanthelium-commutatum-PLANTS-1997.jpg
common persimmon,Diospyros virginiana,Ebenaceae,greenish yellow to cream,50,75ft,35,50,"Full Sun, Partial Sun","Dry, Moist","Clay, Loamy",N/A,N/A,N/A,http://www.nativeplantcenter.net/wp-content/uploads/2016/05/Diospyros-virginiana-1-PLANTS-1997.jpg
saltgrass,Distichlis spicata,Poaceae,,0.5,1.5ft; ,N/A,N/A,Full Sun,"Flooded, Moist, Wet","Clay, Loamy",N/A,N/A,N/A,http://www.nativeplantcenter.net/wp-content/uploads/2016/05/Distichlis-spicata-UWI-EJJ.jpg
shooting star,Dodecatheon meadia,Primulaceae,"white with yellow, lilac",0.5,2ft; ,N/A,N/A,"Full Sun, Partial Sun, Shade",Moist,"Loamy, Sandy",N/A,N/A,N/A,http://www.nativeplantcenter.net/wp-content/uploads/2016/05/Dodecatheon-meadia-1-RHW.jpg
"flat-top white aster, parasol whitetop",Doellingeria umbellata var. umbellata,Asteraceae,white,1,7.5ft; ,N/A,N/A,"Full Sun, Partial Sun","Moist, Wet","Loamy, Sandy",N/A,N/A,N/A,http://www.nativeplantcenter.net/wp-content/uploads/2016/05/Doellingeria-umbellatus-Aster-u-RHW.jpg
toothed or spinulose woodfern,Dryopteris carthusiana,Aspleniaceae,,1,2.5ft; ,N/A,N/A,"Partial Sun, Shade","Moist, Wet",Loamy,N/A,N/A,N/A,http://www.nativeplantcenter.net/wp-content/uploads/2016/05/Dryopteris-carthusiana-UWI-RWF.jpg
"crested woodfern, crested shield fern, narrow swamp fern",Dryopteris cristata,Aspleniaceae,,1.5,2.5ft; ,N/A,N/A,"Full Sun, Partial Sun, Shade","Moist, Wet","Clay, Loamy",N/A,N/A,N/A,http://www.nativeplantcenter.net/wp-content/uploads/2016/05/Dryopteris-cristata-UWI-RWF.jpg
evergreen wood-fern,Dryopteris intermedia,Aspleniaceae,,2.5,2.5ft; ,N/A,N/A,"Partial Sun, Shade","Dry, Moist, Wet",Loamy,N/A,N/A,N/A,http://www.nativeplantcenter.net/wp-content/uploads/2016/05/Dryopteris-intermedia-UWI-EJJ.jpg
"marginal shield fern, evergreen wood fern, evergreen shield fern",Dryopteris marginalis,Aspleniaceae,,1,3ft; ,N/A,N/A,"Partial Sun, Shade","Dry, Moist","Clay, Loamy, Sandy",N/A,N/A,N/A,http://www.nativeplantcenter.net/wp-content/uploads/2016/05/Dryopteris-marginalis-UWI-RWF.jpg
three-sided sedge,Dulichium arundinaceum,Cyperaceae,,1,3.5ft; ,N/A,N/A,"Full Sun, Partial Sun","Flooded, Wet","Clay, Loamy, Sandy",N/A,N/A,N/A,http://www.nativeplantcenter.net/wp-content/uploads/2016/05/Dulichium-arundinaceum-UWI-AH.jpg
Canada wild rye,Elymus canadensis,Poaceae,,2,6.5ft; ,N/A,N/A,Full Sun,"Dry, Moist","Clay, Loamy, Sandy",N/A,N/A,N/A,http://www.nativeplantcenter.net/wp-content/uploads/2016/05/Elymus-canadensis-CM-NRCS.jpg
bottlebrush grass,Elymus hystrix,Poaceae,,2,4ft; ,N/A,N/A,"Full Sun, Partial Sun, Shade",Moist,Loamy,N/A,N/A,N/A,http://www.nativeplantcenter.net/wp-content/uploads/2016/05/Elymus-hystrix-RHW.jpg
riverbank wild-rye,Elymus riparius,Poaceae,,0.5,5ft; ,N/A,N/A,"Full Sun, Partial Sun","Dry, Moist, Wet","Clay, Loamy, Sandy",N/A,N/A,N/A,http://www.nativeplantcenter.net/wp-content/uploads/2016/05/Elymus-riparius-UWI-EJJ.jpg
Virginia wild rye,Elymus virginicus,Poaceae,,1,5.5ft; ,N/A,N/A,"Partial Sun, Shade","Dry, Moist","Clay, Loamy, Sandy",N/A,N/A,N/A,http://www.nativeplantcenter.net/wp-content/uploads/2016/05/Elymus-virginicus-CM-NRCS.jpg
robin's plantain,Erigeron pulchellus,Asteraceae,"blue, pink, white",0.5,1.5ft; ,N/A,N/A,Partial Sun,"Dry, Moist","Loamy, Sandy",N/A,N/A,N/A,http://www.nativeplantcenter.net/wp-content/uploads/2016/05/Erigeron-pulchellus-RHW.jpg
"trout lily, yellow trout lily, dogtooth violet",Erythronium americanum,Liliaceae,yellow,0.5,1ft; ,N/A,N/A,"Partial Sun, Shade","Moist, Wet","Loamy, Sandy",N/A,N/A,N/A,http://www.nativeplantcenter.net/wp-content/uploads/2016/05/Erythronium-americanum-RHW.jpg
Joe-Pye weed,Eupatorium dubium,Asteraceae,"purple, rarely white",2,5ft; ,N/A,N/A,"Full Sun, Partial Sun","Moist, Wet",Sandy,N/A,N/A,N/A,http://www.nativeplantcenter.net/wp-content/uploads/2016/05/Eupatorium-dubium-RHW.jpg
"Joe-Pye weed, trumpet weed",Eupatorium fistulosum,Asteraceae,pink-purple,1.5,10ft; ,N/A,N/A,"Full Sun, Partial Sun","Dry, Moist, Wet","Clay, Loamy",N/A,N/A,N/A,http://www.nativeplantcenter.net/wp-content/uploads/2016/05/Eupatorium-fistulosum-RHW.jpg
"hyssop-leaved thoroughwort, hyssop-leaved eupatori",Eupatorium hyssopifolium,Asteraceae,white,1,4.5ft; ,N/A,N/A,"Full Sun, Partial Sun","Dry, Moist",Sandy,N/A,N/A,N/A,http://www.nativeplantcenter.net/wp-content/uploads/2016/05/Eupatorium-hyssopifolium-RHW.jpg
spotted Joe-Pye weed,Eupatorium maculatum,Asteraceae,purple to pale lavender,2,6.5ft; ,N/A,N/A,"Full Sun, Partial Sun",Moist,"Clay, Loamy",N/A,N/A,N/A,http://www.nativeplantcenter.net/wp-content/uploads/2016/05/Eupatorium-maculatum-CAB.jpg
common boneset,Eupatorium perfoliatum,Asteraceae,white,1,5ft; ,N/A,N/A,"Full Sun, Partial Sun, Shade","Moist, Wet","Clay, Loamy, Sandy",N/A,N/A,N/A,http://www.nativeplantcenter.net/wp-content/uploads/2016/05/Eupatorium-perfoliatum-RHW.jpg
green-stemmed Joe-Pye weed,Eupatorium purpureum,Asteraceae,"pink, purple, cream",2,6.5ft; ,N/A,N/A,"Full Sun, Partial Sun","Dry, Moist","Clay, Loamy, Sandy",N/A,N/A,N/A,http://www.nativeplantcenter.net/wp-content/uploads/2016/05/Eupatorium-purpureum-RHW.jpg
white wood aster,Eurybia divaricata,Asteraceae,white,0.5,3ft; ,N/A,N/A,"Partial Sun, Shade","Dry, Moist",,N/A,N/A,N/A,http://www.nativeplantcenter.net/wp-content/uploads/2016/05/Eurybia-divaricatus-Aster-d-1-RHW.jpg
American beech,Fagus grandifolia,Fagaceae,yellow-green,50,100ft,50,75,"Full Sun, Partial Sun",Moist,"Loamy, Sandy",N/A,N/A,N/A,http://www.nativeplantcenter.net/wp-content/uploads/2016/05/Fagus-grandifolia-1-CM-NRCS.jpg
red fescue,Festuca rubra,Poaceae,,0.5,3ft; ,N/A,N/A,"Full Sun, Partial Sun","Moist, Wet","Clay, Loamy",N/A,N/A,N/A,http://www.nativeplantcenter.net/wp-content/uploads/2016/05/Festuca-rubra-RS-MNPS.jpg
white ash,Fraxinus americana,Oleaceae,deep purple,50,100ft,50,75,"Full Sun, Partial Sun",Moist,"Clay, Loamy, Sandy",N/A,N/A,N/A,http://www.nativeplantcenter.net/wp-content/uploads/2016/05/Fraxinus-americana-UWI-KJS-1.jpg
"green ash, red ash, swamp ash",Fraxinus pennsylvanica,Oleaceae,purple,50,75ft,35,50,"Full Sun, Partial Sun","Dry, Flooded, Moist, Wet","Clay, Loamy, Sandy",N/A,N/A,N/A,http://www.nativeplantcenter.net/wp-content/uploads/2016/05/Fraxinus-americana-UWI-KJS.jpg
"wintergreen, checkerberry",Gaultheria procumbens,Pyrolaceae,white to pink,0.5,0.5ft,3,3,"Partial Sun, Shade","Dry, Moist","Loamy, Sandy",N/A,N/A,N/A,http://www.nativeplantcenter.net/wp-content/uploads/2016/05/Gaultheria-procumbens-1-RHW.jpg
black huckleberry,Gaylussacia baccata,Ericaceae,white to pink,1.5,3ft,1,3,"Partial Sun, Shade","Dry, Moist, Wet","Clay, Loamy, Sandy",N/A,N/A,N/A,http://www.nativeplantcenter.net/wp-content/uploads/2016/05/Gaylussacia-baccata-RHW.jpg
dangleberry,Gaylussacia frondosa,Ericaceae,greenish to purple,2,4ft,2,4,"Full Sun, Partial Sun, Shade","Dry, Moist, Wet",Sandy,N/A,N/A,N/A,http://www.nativeplantcenter.net/wp-content/uploads/2016/05/Gaylussacia-frondosa-CM-NRCS.jpg
"closed gentian, bottle gentian",Gentiana clausa,Gentianaceae,blue,1,3.5ft; ,N/A,N/A,Partial Sun,"Moist, Wet",Loamy,N/A,N/A,N/A,http://www.nativeplantcenter.net/wp-content/uploads/2016/05/Gentiana-clausa-USFWS-BES.jpg
"wild geranium, wood geranium",Geranium maculatum,Geraniaceae,lavender or pink,1,2ft; ,N/A,N/A,"Full Sun, Partial Sun","Dry, Moist",Loamy,N/A,N/A,N/A,http://www.nativeplantcenter.net/wp-content/uploads/2016/05/DSC_2251-700x467.jpg
downy rattlesnake plantain,Goodyera pubescens,Orchidaceae,whitish,0.5,1.5ft; ,N/A,N/A,Partial Sun,"Dry, Moist","Clay, Loamy, Sandy",N/A,N/A,N/A,http://www.nativeplantcenter.net/wp-content/uploads/2016/05/DSC_2176_1-700x467.jpg
witch hazel,Hamamelis virginiana,Hamamelidaceae,yellow,15,30ft,20,30,"Partial Sun, Shade","Dry, Moist","Clay, Loamy, Sandy",N/A,N/A,N/A,http://www.nativeplantcenter.net/wp-content/uploads/2016/05/Hamamelis-virginiana-RHW.jpg
"yellow sneezeweed, common sneezeweed",Helenium autumnale,Asteraceae,yellow,1.5,6ft; ,N/A,N/A,"Full Sun, Partial Sun, Shade",Moist,"Clay, Loamy, Sandy",N/A,N/A,N/A,http://www.nativeplantcenter.net/wp-content/uploads/2016/05/Helenium-autumnale-USFWS-BES.jpg
swamp sunflower,Helianthus angustifolius,Asteraceae,yellow,1.5,5.5ft; ,N/A,N/A,Full Sun,"Moist, Wet","Loamy, Sandy",N/A,N/A,N/A,http://www.nativeplantcenter.net/wp-content/uploads/2016/05/Helianthus-angusjpgolius-RHW.jpg
"ten-petaled sunflower, thin-leaved sunflower",Helianthus decapetalus,Asteraceae,yellow,1.5,5ft; ,N/A,N/A,"Full Sun, Partial Sun",Moist,Sandy,N/A,N/A,N/A,http://www.nativeplantcenter.net/wp-content/uploads/2016/05/Helianthus-decapetalus-BZ.jpg
"woodland sunflower, rough sunflower",Helianthus divaricatus,Asteraceae,yellow,1.5,6.5ft; ,N/A,N/A,Partial Sun,"Dry, Moist",Sandy,N/A,N/A,N/A,http://www.nativeplantcenter.net/wp-content/uploads/2016/05/Helianthus-divaricatus-RHW.jpg
"oxeye sunflower, oxeye",Heliopsis helianthoides,Asteraceae,pale yellow,1,5ft; ,N/A,N/A,"Full Sun, Partial Sun","Dry, Moist","Loamy, Sandy",N/A,N/A,N/A,http://www.nativeplantcenter.net/wp-content/uploads/2016/05/Heliopsis-helianthoides-RHW.jpg
sharp-lobed hepatica,Hepatica nobilis var. acuta,Ranunculaceae,"bluish, white, pink",0.5,2ft; ,N/A,N/A,"Partial Sun, Shade","Dry, Moist","Loamy, Sandy",N/A,N/A,N/A,http://www.nativeplantcenter.net/wp-content/uploads/2016/05/Hepatica-nobilis-v-acuta-H-acutiloba-1-UWI-KJS.jpg
"round-lobed hepatica, liverleaf",Hepatica nobilis var. obtusa,Ranunculaceae,white to lavender,0.5,2ft; ,N/A,N/A,"Partial Sun, Shade","Dry, Moist","Loamy, Sandy",N/A,N/A,N/A,http://www.nativeplantcenter.net/wp-content/uploads/2016/05/Hepatica-nobilis-v-ovata-H-americana-RHW.jpg
cow parsnip,Heracleum maximum,Apiaceae,white to pink,3.5,10ft; ,N/A,N/A,Full Sun,"Moist, Wet","Clay, Loamy, Sandy",N/A,N/A,N/A,http://www.nativeplantcenter.net/wp-content/uploads/2016/05/Heracleum-maximum-RHW.jpg
alumroot,Heuchera americana,Saxifragaceae,"green, white, pink, purple",1,3.5ft; ,N/A,N/A,"Partial Sun, Shade","Dry, Moist","Loamy, Sandy",N/A,N/A,N/A,http://www.nativeplantcenter.net/wp-content/uploads/2016/05/Heuchera-americana-MOBOT.jpg
"hairy heuchera, hairy alumroot",Heuchera villosa,Saxifragaceae,white to greenish to pinkish,1,2.5ft; ,N/A,N/A,"Partial Sun, Shade","Dry, Moist",,N/A,N/A,N/A,http://www.nativeplantcenter.net/wp-content/uploads/2016/05/Heuchera-villosa-Michx-PLANTS-JSP.jpg
"rose mallow, eastern rosemallow",Hibiscus moscheutos,Malvaceae,"cream, pink",3,6ft; ,N/A,N/A,"Full Sun, Partial Sun","Flooded, Moist, Wet","Clay, Loamy",N/A,N/A,N/A,http://www.nativeplantcenter.net/wp-content/uploads/2016/05/Hibiscus-moscheutos-CM-NRCS.jpg
"bluet, innocence, Quaker-ladies",Houstonia caerulea,Rubiaceae,"blue, lilac, white",0.5,1ft; ,N/A,N/A,"Full Sun, Partial Sun",Moist,,N/A,N/A,N/A,http://www.nativeplantcenter.net/wp-content/uploads/2016/05/DSC_2166_1-700x467-1465927014.jpg
wild or smooth hydrangea,Hydrangea arborescens,Hydrangeaceae,white,3,6ft,3,9,"Partial Sun, Shade",Moist,"Loamy, Sandy",N/A,N/A,N/A,http://www.nativeplantcenter.net/wp-content/uploads/2016/05/Hydrangea-arborescens-RHW.jpg
Virginia waterleaf,Hydrophyllum virginianum,Hydrophyllaceae,"lavender, white",1,2.5ft; ,N/A,N/A,"Partial Sun, Shade",Moist,"Clay, Loamy, Sandy",N/A,N/A,N/A,http://www.nativeplantcenter.net/wp-content/uploads/2016/05/Hydrophyllum-virginianum-RHW.jpg
Allegheny stonecrop,Hylotelephium telephioides,Crassulaceae,pale pink,0.5,1.5ft; ,N/A,N/A,"Full Sun, Partial Sun, Shade",,,N/A,N/A,N/A,http://www.nativeplantcenter.net/wp-content/uploads/2016/05/Hylotelephium-telephioides-Sedum-t-RHW.jpg
dense St. John's wort,Hypericum densiflorum,Clusiaceae,yellow,1.5,6ft,3,6,Full Sun,"Dry, Moist, Wet","Clay, Loamy, Sandy",N/A,N/A,N/A,http://www.nativeplantcenter.net/wp-content/uploads/2016/05/Hypericum-densiflorum-RHW.jpg
inkberry,Ilex glabra,Aquifoliaceae,greenish white,6,10ft,6,10,"Full Sun, Partial Sun, Shade","Dry, Moist","Clay, Loamy, Sandy",N/A,N/A,N/A,http://www.nativeplantcenter.net/wp-content/uploads/2016/05/Ilex-glabra-1-USFWS-BES.jpg
smooth winterberry,Ilex laevigata,Aquifoliaceae,white to cream,10,12ft; ,N/A,N/A,"Full Sun, Partial Sun",Moist,"Clay, Loamy, Sandy",N/A,N/A,N/A,http://www.nativeplantcenter.net/wp-content/uploads/2016/05/Ilex-laevigata-1-RHW.jpg
American holly,Ilex opaca,Aquifoliaceae,white or cream,15,50ft,18,40,"Full Sun, Partial Sun, Shade",Moist,"Clay, Loamy",N/A,N/A,N/A,http://www.nativeplantcenter.net/wp-content/uploads/2016/05/Ilex-opaca-CM-NRCS.jpg
"winterberry, winterberry holly, black alder",Ilex verticillata,Aquifoliaceae,greenish white,6,12ft,3,12,"Full Sun, Partial Sun, Shade","Moist, Wet","Clay, Loamy, Sandy",N/A,N/A,N/A,http://www.nativeplantcenter.net/wp-content/uploads/2016/05/Ilex-verticillata-USFWS-BES.jpg
"jewelweed, touch-me-not",Impatiens capensis,Balsaminaceae,"orange, yellow, white",1.5,5ft; ,N/A,N/A,"Partial Sun, Shade","Moist, Wet","Clay, Loamy, Sandy",N/A,N/A,N/A,http://www.nativeplantcenter.net/wp-content/uploads/2016/05/Impatiens-capensis-USFWS-BES.jpg
"stiff-leaf aster, flaxleaf whitetop aster",Ionactis linariifolius,Asteraceae,"blue, yellow eye",0.5,2ft; ,N/A,N/A,Full Sun,"Dry, Moist",Sandy,N/A,N/A,N/A,http://www.nativeplantcenter.net/wp-content/uploads/2016/05/Ionactis-linariifolius-Aster-l-RHW.jpg
slender blueflag,Iris prismatica,Iridaceae,blue,1,3ft; ,N/A,N/A,"Full Sun, Partial Sun","Flooded, Moist, Wet",,N/A,N/A,N/A,http://www.nativeplantcenter.net/wp-content/uploads/2016/05/Iris-prismatica-RHW.jpg
blue flag,Iris versicolor,Iridaceae,blue,3,3ft; ,N/A,N/A,"Full Sun, Partial Sun","Flooded, Moist, Wet","Loamy, Sandy",N/A,N/A,N/A,http://www.nativeplantcenter.net/wp-content/uploads/2016/05/Iris-versicolor-RHW.jpg
Virginia blue flag,Iris virginica,Iridaceae,blue,1,2ft; ,N/A,N/A,"Full Sun, Partial Sun","Flooded, Wet","Clay, Loamy",N/A,N/A,N/A,http://www.nativeplantcenter.net/wp-content/uploads/2016/05/Iris-virginica-RHW.jpg
"tassel-white, Virginia sweetspire",Itea virginica,Grossulariacea,white,6,10ft,6,10,"Full Sun, Partial Sun, Shade","Flooded, Moist, Wet","Clay, Loamy, Sandy",N/A,N/A,N/A,http://www.nativeplantcenter.net/wp-content/uploads/2016/05/Itea-virginica-USFWS-BES.jpg
"marsh elder, high tide bush",Iva frutescens,Asteraceae,greenish white,2,10ft,6,12,Full Sun,"Dry, Moist","Clay, Loamy, Sandy",N/A,N/A,N/A,http://www.nativeplantcenter.net/wp-content/uploads/2016/05/Iva-frutescens-1-PLANTS-LA.jpg
twinleaf,Jeffersonia diphylla,Berberidaceae,white,0.5,1ft; ,N/A,N/A,"Partial Sun, Shade",Moist,Loamy,N/A,N/A,N/A,http://www.nativeplantcenter.net/wp-content/uploads/2016/05/Jeffersonia-diphylla-RHW.jpg
"black walnut, American walnut, eastern black walnut",Juglans nigra,Juglandaceae,yellow-green,70,90ft,75,100,Full Sun,Moist,Loamy,N/A,N/A,N/A,http://www.nativeplantcenter.net/wp-content/uploads/2016/05/Juglans-nigra-PLANTS-DEH.jpg
Canada rush,Juncus canadensis,Juncaceae,greenish brown,1,4ft; ,N/A,N/A,"Full Sun, Partial Sun","Flooded, Moist, Wet","Clay, Loamy, Sandy",N/A,N/A,N/A,http://www.nativeplantcenter.net/wp-content/uploads/2016/05/Juncus-canadensis-UWI-AH.jpg
soft rush,Juncus effusus,Juncaceae,greenish brown,1,4ft; ,N/A,N/A,"Full Sun, Partial Sun","Flooded, Moist, Wet","Clay, Loamy, Sandy",N/A,N/A,N/A,http://www.nativeplantcenter.net/wp-content/uploads/2016/05/Juncus-effusus-1-CM-NRCS.jpg
"black needlerush, needlegrass rush, needlegrass rush",Juncus roemerianus,Juncaceae,yellow-green,1,4ft; ,N/A,N/A,Full Sun,"Moist, Wet","Clay, Loamy",N/A,N/A,N/A,http://www.nativeplantcenter.net/wp-content/uploads/2016/05/Juncus-roemerianus-PLANTS-LA.jpg
eastern red cedar,Juniperus virginiana,Cupressaceae,red purple,50,75ft,35,50,Full Sun,"Dry, Moist","Clay, Loamy, Sandy",N/A,N/A,N/A,http://www.nativeplantcenter.net/wp-content/uploads/2016/05/Juniperus-virginiana-1-RHW.jpg
American water-willow,Justicia americana,Acanthaceae,white with purple,1,3ft; ,N/A,N/A,Full Sun,"Flooded, Wet","Clay, Loamy, Sandy",N/A,N/A,N/A,http://www.nativeplantcenter.net/wp-content/uploads/2016/05/Justicia-americana-RHW.jpg
"sheep laurel, lambkill",Kalmia angustifolia,Ericaceae,"white, pink, purple, red",2,3ft,3,6,"Full Sun, Partial Sun, Shade","Moist, Wet","Clay, Loamy, Sandy",N/A,N/A,N/A,http://www.nativeplantcenter.net/wp-content/uploads/2016/05/Kalmia-angustifolia-RHW.jpg
mountain laurel,Kalmia latifolia,Ericaceae,white to pink/purple,12,20ft,12,20,"Full Sun, Partial Sun, Shade","Dry, Moist, Wet","Clay, Loamy, Sandy",N/A,N/A,N/A,http://www.nativeplantcenter.net/wp-content/uploads/2016/05/Kalmia-latifolia-USFWS-BES.jpg
seashore mallow,Kosteletzkya virginica,Malvaceae,pink,1.5,4.5ft; ,N/A,N/A,Full Sun,"Flooded, Wet",,N/A,N/A,N/A,http://www.nativeplantcenter.net/wp-content/themes/alliance/img/no-img.png
rice cutgrass,Leersia oryzoides,Poaceae,,5,5ft; ,N/A,N/A,"Full Sun, Partial Sun","Flooded, Moist, Wet","Clay, Loamy, Sandy",N/A,N/A,N/A,http://www.nativeplantcenter.net/wp-content/uploads/2016/05/Leersia-oryzoides-PLANTS-1995.jpg
round-head bush clover,Lespedeza capitata,Fabaceae,yellowish white,2,6ft; ,N/A,N/A,Full Sun,Dry,"Loamy, Sandy",N/A,N/A,N/A,http://www.nativeplantcenter.net/wp-content/uploads/2016/05/Lespedeza-capitata-UWI-KJS.jpg
"fetterbush, sweetbells",Leucothoe racemosa,Ericaceae,"white, pinkish",13,13ft,6,12,"Partial Sun, Shade","Moist, Wet","Clay, Loamy",N/A,N/A,N/A,http://www.nativeplantcenter.net/wp-content/uploads/2016/05/Leucothoe-racemosa-2-PLANTS-WSJ.jpg
grass-leaf blazingstar,Liatris pilosa var. pilosa,Asteraceae,purple,1,3.5ft; ,N/A,N/A,"Full Sun, Partial Sun","Dry, Moist","Clay, Loamy, Sandy",N/A,N/A,N/A,http://www.nativeplantcenter.net/wp-content/uploads/2016/05/Liatris-pilosa-v-pilosa-L-graminifolia-RHW.jpg
"eastern blazing star, tall gayfeather, northern blazing star, Devil's bite",Liatris scariosa,Asteraceae,lavender to rose-purple,1,3.5ft; ,N/A,N/A,"Full Sun, Partial Sun","Dry, Moist","Loamy, Sandy",N/A,N/A,N/A,http://www.nativeplantcenter.net/wp-content/uploads/2016/05/Liatris-scariosa-RHW.jpg
"gayfeather, blazingstar, spiked blazing star",Liatris spicata,Asteraceae,rose-purple or white,1,6.5ft; ,N/A,N/A,"Full Sun, Partial Sun","Dry, Moist","Clay, Loamy, Sandy",N/A,N/A,N/A,http://www.nativeplantcenter.net/wp-content/uploads/2016/05/Liatris-spicata-USFWS-RL.jpg
plains blazing star,Liatris squarrosa,Asteraceae,rose,0.5,2.5ft; ,N/A,N/A,"Full Sun, Partial Sun",Moist,"Loamy, Sandy",N/A,N/A,N/A,http://www.nativeplantcenter.net/wp-content/uploads/2016/05/Liatris-squarrosa-RHW.jpg
Canada lily,Lilium canadense,Liliaceae,"yellow, orange, red",1.5,6.5ft; ,N/A,N/A,"Full Sun, Partial Sun","Moist, Wet",Loamy,N/A,N/A,N/A,http://www.nativeplantcenter.net/wp-content/uploads/2016/05/Lilium-canadense-RHW.jpg
wood Lily,Lilium philadelphicum,Liliaceae,"yellow, reddish-orange",1,3.5ft; ,N/A,N/A,"Full Sun, Partial Sun",Dry,"Loamy, Sandy",N/A,N/A,N/A,http://www.nativeplantcenter.net/wp-content/uploads/2016/05/Lilium-philadelphicum-RHW.jpg
Turk's cap lily,Lilium superbum,Liliaceae,"yellow-orange, orange-red",4,8ft; ,N/A,N/A,"Full Sun, Partial Sun","Moist, Wet","Loamy, Sandy",N/A,N/A,N/A,http://www.nativeplantcenter.net/wp-content/uploads/2016/05/Lilium-superbum-RS-MNPS.jpg
sea lavender,Limonium carolinianum,Plumbaginaceae,lavender,0.5,2ft; ,N/A,N/A,Full Sun,"Moist, Wet","Clay, Loamy, Sandy",N/A,N/A,N/A,http://www.nativeplantcenter.net/wp-content/uploads/2016/05/Limonium-carolinianum-PLANTS-LA.jpg
spicebush,Lindera benzoin,Lauraceae,yellow,6.5,16ft,6,12,"Partial Sun, Shade","Moist, Wet","Loamy, Sandy",N/A,N/A,N/A,http://www.nativeplantcenter.net/wp-content/uploads/2016/05/Lindera-benzoin-1-CM-NRCS.jpg
"sweet gum, red gum, sap gum",Liquidambar styraciflua,Hamamelidaceae,yellow-green,60,100ft,50,75,"Full Sun, Partial Sun","Moist, Wet","Clay, Loamy, Sandy",N/A,N/A,N/A,http://www.nativeplantcenter.net/wp-content/uploads/2016/05/Liquidambar-styraciflua-CM-NRCS.jpg
"tulip tree, tulip poplar, yellow poplar",Liriodendron tulipifera,Magnoliaceae,greenish yellow,70,100ft,35,50,"Full Sun, Partial Sun",Moist,"Loamy, Sandy",N/A,N/A,N/A,http://www.nativeplantcenter.net/wp-content/uploads/2016/05/Liriodendron-tulipiera-RHW.jpg
cardinal flower,Lobelia cardinalis,Campanulaceae,red,2,4ft; ,N/A,N/A,"Full Sun, Partial Sun","Moist, Wet","Clay, Loamy",N/A,N/A,N/A,http://www.nativeplantcenter.net/wp-content/uploads/2016/05/Lobelia-cardinalis-RHW.jpg
great blue lobelia,Lobelia siphilitica,Campanulaceae,"blue, violet",1,5ft; ,N/A,N/A,"Full Sun, Partial Sun, Shade","Moist, Wet","Clay, Loamy, Sandy",N/A,N/A,N/A,http://www.nativeplantcenter.net/wp-content/uploads/2016/05/Lobelia-siphilitica-1-RHW.jpg
trumpet or coral honeysuckle,Lonicera sempervirens,Caprifoliaceae,coral to red with yellow,10,20ft,6,12,"Full Sun, Partial Sun","Dry, Moist","Clay, Loamy, Sandy",N/A,N/A,N/A,http://www.nativeplantcenter.net/wp-content/uploads/2016/05/Lonicera-sempervirens-1-RHW.jpg
"lupine, sundial lupine",Lupinus perennis,Fabaceae,"blue, rarely pink or white",1,2ft; ,N/A,N/A,"Full Sun, Partial Sun","Dry, Moist",Sandy,N/A,N/A,N/A,http://www.nativeplantcenter.net/wp-content/uploads/2016/05/Lupinus-perennis-RHW.jpg
male-berry,Lyonia ligustrina,Ericaceae,white,6,12ft,12,20,"Partial Sun, Shade",Moist,"Clay, Loamy, Sandy",N/A,N/A,N/A,http://www.nativeplantcenter.net/wp-content/uploads/2016/05/Lyonia-ligustrina-RHW.jpg
stagger-bush,Lyonia mariana,Ericaceae,"white, pale pink",0.5,6.5ft; ,N/A,N/A,"Partial Sun, Shade","Dry, Moist",Sandy,N/A,N/A,N/A,http://www.nativeplantcenter.net/wp-content/uploads/2016/05/Lyonia-mariana-1-RHW.jpg
cucumber magnolia,Magnolia acuminata,Magnoliaceae,greenish-yellow,70,100ft,35,50,Full Sun,Moist,"Clay, Loamy, Sandy",N/A,N/A,N/A,http://www.nativeplantcenter.net/wp-content/uploads/2016/05/Magnolia-acuminata-1-DFT-DL.jpg
sweetbay magnolia,Magnolia virginiana,Magnoliaceae,white to cream,12,30ft,12,30,"Full Sun, Partial Sun, Shade","Moist, Wet","Clay, Loamy, Sandy",N/A,N/A,N/A,http://www.nativeplantcenter.net/wp-content/uploads/2016/05/Magnolia-virginiana-1-RHW.jpg
Canada mayflower,Maianthemum canadense,Liliaceae,white,0.5,0.5ft; ,N/A,N/A,"Partial Sun, Shade",Moist,"Clay, Loamy, Sandy",N/A,N/A,N/A,http://www.nativeplantcenter.net/wp-content/uploads/2016/05/Maianthemum-canadense-RHW.jpg
false Solomon's seal,Maianthemum racemosum ssp. racemosum,Liliaceae,white,1,3.5ft; ,N/A,N/A,"Partial Sun, Shade",Moist,"Clay, Loamy, Sandy",N/A,N/A,N/A,http://www.nativeplantcenter.net/wp-content/uploads/2016/05/Maianthemum-racemosum-Smilacina-racemosa-1-PLANTS-JA.jpg
"sweet crabapple, American crabapple",Malus coronaria,Rosaceae,pink to white,10,30ft,20,30,Full Sun,Moist,"Clay, Loamy, Sandy",N/A,N/A,N/A,http://www.nativeplantcenter.net/wp-content/uploads/2016/05/Malus-coronaria-PLANTS-WSJ.jpg
Indian cucumber,Medeola virginiana,Liliaceae,yellowish,1,3.5ft; ,N/A,N/A,"Full Sun, Partial Sun",Moist,"Loamy, Sandy",N/A,N/A,N/A,http://www.nativeplantcenter.net/wp-content/uploads/2016/05/Medeola-virginiana-1-RHW.jpg
Virginia bunchflower,Melanthium virginicum,Liliaceae,greenish,2.5,6.5ft; ,N/A,N/A,"Full Sun, Partial Sun",Moist,"Clay, Loamy, Sandy",N/A,N/A,N/A,http://www.nativeplantcenter.net/wp-content/uploads/2016/05/Melanthium-virginicum-RHW.jpg
Virginia bluebells,Mertensia virginica,Boraginaceae,pink turning blue,1,2.5ft; ,N/A,N/A,"Partial Sun, Shade","Moist, Wet","Clay, Loamy",N/A,N/A,N/A,http://www.nativeplantcenter.net/wp-content/uploads/2016/05/DSC_1967-copy_1.jpg
climbing hempvine,Mikania scandens,Asteraceae,pink or whitish,15,15ft; ,N/A,N/A,Partial Sun,"Moist, Wet","Clay, Loamy",N/A,N/A,N/A,http://www.nativeplantcenter.net/wp-content/uploads/2016/05/Mikania-scandens-RHW.jpg
"monkeyflower, Allegheny monkeyflower",Mimulus ringens,Scrophulariaceae,blue,1,3ft; ,N/A,N/A,"Full Sun, Partial Sun",Wet,Loamy,N/A,N/A,N/A,http://www.nativeplantcenter.net/wp-content/uploads/2016/05/Mimulus-ringens-RHW.jpg
partridgeberry,Mitchella repens,Rubiaceae,white,0.5,0.5ft; ,N/A,N/A,"Partial Sun, Shade","Dry, Moist","Loamy, Sandy",N/A,N/A,N/A,http://www.nativeplantcenter.net/wp-content/uploads/2016/05/Mitchella-repens-1-USFWS.jpg
"twoleaf miterwort, bishop's cap",Mitella diphylla,Saxifragaceae,white,0.5,1.5ft; ,N/A,N/A,"Partial Sun, Shade",Moist,"Clay, Loamy, Sandy",N/A,N/A,N/A,http://www.nativeplantcenter.net/wp-content/uploads/2016/05/Mitella-diphylla-1-RHW.jpg
"wild bergamot, horsemint",Monarda bradburiana,Lamiaceae,pink to purple,1.5,5ft; ,N/A,N/A,"Full Sun, Partial Sun","Dry, Moist","Clay, Loamy",N/A,N/A,N/A,http://www.nativeplantcenter.net/wp-content/uploads/2016/05/Monarda-bradburiana-M-fistulosa-RS-MNPS.jpg
"beebalm, Oswego tea",Monarda didyma,Lamiaceae,red,2,5ft; ,N/A,N/A,"Full Sun, Partial Sun","Moist, Wet",Loamy,N/A,N/A,N/A,http://www.nativeplantcenter.net/wp-content/uploads/2016/05/DSC_3974-700x467.jpg
"horsemint, spotted bee-balm",Monarda punctata,Lamiaceae,yellow and purple,0.5,3.5ft; ,N/A,N/A,Full Sun,Dry,"Loamy, Sandy",N/A,N/A,N/A,http://www.nativeplantcenter.net/wp-content/uploads/2016/05/Monarda-punctata-RHW.jpg
southern or swamp bayberry,Morella caroliniensis,Myricacea,yellowish-green,8,12ft,8,12,"Full Sun, Partial Sun, Shade","Dry, Moist, Wet","Clay, Loamy, Sandy",N/A,N/A,N/A,http://www.nativeplantcenter.net/wp-content/uploads/2016/05/Morella-caroliniensis-Myrica-heterophylla-PLANTS.jpg
"wax myrtle, southern bayberry",Morella cerifera,Myricacea,yellowish-green,6,15ft,6,15,"Full Sun, Partial Sun","Dry, Moist, Wet","Clay, Loamy, Sandy",N/A,N/A,N/A,http://www.nativeplantcenter.net/wp-content/uploads/2016/05/Morella-cerifera-Myrica-c-1-USFWS-BES.jpg
"northern bayberry, candleberry",Morella pensylvanica,Myricacea,yellowish-green,5,10ft,5,10,"Full Sun, Partial Sun","Dry, Moist, Wet","Clay, Loamy, Sandy",N/A,N/A,N/A,http://www.nativeplantcenter.net/wp-content/uploads/2016/05/Morella-caroliniensis-Myrica-heterophylla-PLANTS-1.jpg
"red mulberry, moral",Morus rubra,Moraceae,greenish,35,60ft,35,60,"Full Sun, Partial Sun",Moist,"Clay, Loamy, Sandy",N/A,N/A,N/A,http://www.nativeplantcenter.net/wp-content/uploads/2016/05/Morus-rubra-UWI-KK.jpg
"spatterdock, yellow water lily, cow-lily, American lotus",Nuphar lutea,Nymphaeaceae,yellow,1,1.5ft; ,N/A,N/A,"Full Sun, Partial Sun","Flooded, Wet","Clay, Loamy, Sandy",N/A,N/A,N/A,http://www.nativeplantcenter.net/wp-content/uploads/2016/05/Nuphar-lutea-RHW.jpg
"blue toadflax, old-field toadflax, Canada toadflax",Nuttallanthus canadensis,Scrophulariaceae,light blue,0.5,2.5ft; ,N/A,N/A,"Full Sun, Partial Sun","Dry, Moist","Loamy, Sandy",N/A,N/A,N/A,http://www.nativeplantcenter.net/wp-content/uploads/2016/05/Nuttallanthus-canadensis-Linaria-c-PLANTS-WSJ.jpg
"fragrant water lily, American water lily, white water lily",Nymphaea odorata,Nymphaeaceae,white,1,4ft; ,N/A,N/A,Full Sun,"Flooded, Wet","Clay, Loamy, Sandy",N/A,N/A,N/A,http://www.nativeplantcenter.net/wp-content/uploads/2016/05/Nymphaea-odorata-RHW.jpg
"black gum, sourgum, black tupelo, swamp tupelo, pepperidge",Nyssa sylvatica,Cornaceae,greenish white,30,75ft,20,50,"Full Sun, Partial Sun","Dry, Flooded, Moist, Wet","Loamy, Sandy",N/A,N/A,N/A,http://www.nativeplantcenter.net/wp-content/uploads/2016/05/Nyssa-sylvatica-1-CM-NRCS.jpg
common evening primrose,Oenothera biennis,Onagraceae,yellow,1.5,6.5ft; ,N/A,N/A,"Full Sun, Partial Sun",Dry,"Clay, Loamy, Sandy",N/A,N/A,N/A,http://www.nativeplantcenter.net/wp-content/uploads/2016/05/Oenothera-biennis-RHW.jpg
narrow-leaved sundrops,Oenothera fruticosa,Onagraceae,yellow,1,3ft; ,N/A,N/A,"Full Sun, Partial Sun","Dry, Moist","Clay, Loamy, Sandy",N/A,N/A,N/A,http://www.nativeplantcenter.net/wp-content/uploads/2016/05/Oenothera-fruticosa-RHW.jpg
sundrops,Oenothera perennis,Onagraceae,yellow,0.5,3ft; ,N/A,N/A,Full Sun,"Dry, Moist","Loamy, Sandy",N/A,N/A,N/A,http://www.nativeplantcenter.net/wp-content/uploads/2016/05/Oenothera-perennis-UWI-RWF.jpg
sensitive fern,Onoclea sensibilis,Dryopteridaceae,,1,3.5ft; ,N/A,N/A,"Full Sun, Partial Sun, Shade","Moist, Wet","Clay, Loamy, Sandy",N/A,N/A,N/A,http://www.nativeplantcenter.net/wp-content/uploads/2016/05/Onoclea-sensibilis-UWI-KJS.jpg
eastern prickly-pear cactus,Opuntia humifusa,Cactaceae,yellow,0.5,1ft; ,N/A,N/A,Full Sun,Dry,"Loamy, Sandy",N/A,N/A,N/A,http://www.nativeplantcenter.net/wp-content/uploads/2016/05/Opuntia-humifusa-RHW.jpg
golden club,Orontium aquaticum,Araceae,yellow,1.5,2ft; ,N/A,N/A,Full Sun,"Flooded, Wet","Clay, Loamy, Sandy",N/A,N/A,N/A,http://www.nativeplantcenter.net/wp-content/uploads/2016/05/Orontium-aquaticum-RHW.jpg
"sweet cicely, anise root",Osmorhiza longistylis,Apiaceae,white to green,1.5,4ft; ,N/A,N/A,"Partial Sun, Shade",Moist,"Clay, Loamy, Sandy",N/A,N/A,N/A,http://www.nativeplantcenter.net/wp-content/uploads/2016/05/Osmorhiza-longistylis-RHW.jpg
cinnamon fern,Osmunda cinnamomea,Osmundaceae,,2,5ft; ,N/A,N/A,"Full Sun, Partial Sun, Shade","Moist, Wet","Clay, Loamy",N/A,N/A,N/A,http://www.nativeplantcenter.net/wp-content/uploads/2016/05/Osmunda-cinnamomea-1-RHW.jpg
interrupted fern,Osmunda claytoniana,Osmundaceae,,1,4ft; ,N/A,N/A,"Partial Sun, Shade",Moist,"Clay, Loamy",N/A,N/A,N/A,http://www.nativeplantcenter.net/wp-content/uploads/2016/05/Osmunda-claytonia-UWI-EJJ.jpg
royal fern,Osmunda regalis,Osmundaceae,,1.5,6ft; ,N/A,N/A,"Full Sun, Partial Sun, Shade","Flooded, Moist, Wet","Clay, Loamy, Sandy",N/A,N/A,N/A,http://www.nativeplantcenter.net/wp-content/uploads/2016/05/Osmunda-regalis-RHW.jpg
"eastern hop-hornbeam, ironwood",Ostrya virginiana,Betulaceae,red-brown,25,50ft,20,35,"Partial Sun, Shade",Moist,"Clay, Loamy, Sandy",N/A,N/A,N/A,http://www.nativeplantcenter.net/wp-content/uploads/2016/05/Ostrya-virginiana-PLANTS-WSJ.jpg
violet wood sorrel,Oxalis violacea,Oxalidaceae,violet,0.5,0.5ft; ,N/A,N/A,"Partial Sun, Shade","Dry, Moist",Loamy,N/A,N/A,N/A,http://www.nativeplantcenter.net/wp-content/uploads/2016/05/Oxalis-violacea-RHW.jpg
"golden ragwort, golden groundsel",Packera aurea,Asteraceae,yellow,0.5,2.5ft; ,N/A,N/A,"Full Sun, Partial Sun, Shade","Moist, Wet",Loamy,N/A,N/A,N/A,http://www.nativeplantcenter.net/wp-content/uploads/2016/05/DSC_2028-700x467.jpg
"bitter or coastal panic grass, beachgrass",Panicum amarum,Poaceae,,1,3ft; ,N/A,N/A,Full Sun,"Dry, Moist","Loamy, Sandy",N/A,N/A,N/A,http://www.nativeplantcenter.net/wp-content/uploads/2016/05/Panicum-amarum-CM-NRCS.jpg
switchgrass,Panicum virgatum,Poaceae,,3,6ft; ,N/A,N/A,"Full Sun, Partial Sun","Dry, Moist, Wet","Clay, Loamy, Sandy",N/A,N/A,N/A,http://www.nativeplantcenter.net/wp-content/uploads/2016/05/Panicum-virgatum-BES.jpg
Virginia creeper,Parthenocissus quinquefolia,Vitaceae,greenish white,45,45ft,25,35,"Full Sun, Partial Sun, Shade","Dry, Moist, Wet","Clay, Loamy, Sandy",N/A,N/A,N/A,http://www.nativeplantcenter.net/wp-content/uploads/2016/05/VA-creeper-GC.jpg
"passionflower, Maypops",Passiflora incarnata,Passifloraceae,purple and white,6,18ft; ,N/A,N/A,Full Sun,"Dry, Moist","Clay, Loamy, Sandy",N/A,N/A,N/A,http://www.nativeplantcenter.net/wp-content/uploads/2016/05/Passiflora-incarnata-RHW.jpg
arrow arum,Peltandra virginica,Araceae,green to white,2,2ft; ,N/A,N/A,"Full Sun, Partial Sun","Flooded, Wet","Clay, Loamy, Sandy",N/A,N/A,N/A,http://www.nativeplantcenter.net/wp-content/uploads/2016/05/Peltandra-virginica-1-RHW.jpg
"beardtongue, foxglove beardtongue, tall white beardtongue",Penstemon digitalis,Scrophulariaceae,white or faintly purple,2,5ft; ,N/A,N/A,"Full Sun, Partial Sun","Dry, Moist","Clay, Loamy, Sandy",N/A,N/A,N/A,http://www.nativeplantcenter.net/wp-content/uploads/2016/05/Penstemon-digitalis-1-USFWS-BES.jpg
"smooth beardtongue, eastern beardtongue",Penstemon laevigatus,Scrophulariaceae,purplish,1,3.5ft; ,N/A,N/A,"Full Sun, Partial Sun, Shade",Moist,,N/A,N/A,N/A,http://www.nativeplantcenter.net/wp-content/uploads/2016/05/Penstemon-laevigatus-ssp-digitalis-UWI-MRB.jpg
thick-leaved phlox,Phlox carolina,Polemoniaceae,"pink to purple, rarely white",1,2.5ft; ,N/A,N/A,"Full Sun, Partial Sun","Dry, Moist, Wet","Loamy, Sandy",N/A,N/A,N/A,http://www.nativeplantcenter.net/wp-content/uploads/2016/05/Phlox-carolina-PLANTS-WSJ.jpg
"woodland phlox, wild sweet William, wild blue phlox",Phlox divaricata,Polemoniaceae,"blue, lavender, white",1.5,1.5ft; ,N/A,N/A,"Partial Sun, Shade",Moist,"Clay, Loamy, Sandy",N/A,N/A,N/A,http://www.nativeplantcenter.net/wp-content/uploads/2016/05/DSC_4247-700x467.jpg
"phlox, meadow phlox, wild sweet William",Phlox maculata,Polemoniaceae,"rose, pink, purple, rarely white",1,3ft; ,N/A,N/A,"Full Sun, Partial Sun, Shade","Moist, Wet","Clay, Loamy",N/A,N/A,N/A,http://www.nativeplantcenter.net/wp-content/uploads/2016/05/Phlox-maculata-PLANTS-WSJ.jpg
"summer phlox, garden phlox",Phlox paniculata,Polemoniaceae,"pink, red-purple, white",1.5,6.5ft; ,N/A,N/A,"Full Sun, Partial Sun",Moist,Loamy,N/A,N/A,N/A,http://www.nativeplantcenter.net/wp-content/uploads/2016/05/Phlox-paniculata-1-RHW.jpg
creeping phlox,Phlox stolonifera,Polemoniaceae,"blue, red-purple, violet",0.5,1.5ft; ,N/A,N/A,"Partial Sun, Shade","Dry, Moist","Loamy, Sandy",N/A,N/A,N/A,http://www.nativeplantcenter.net/wp-content/uploads/2016/05/Phlox-stolonifera-1-RHW.jpg
"moss phlox, moss-pink",Phlox subulata,Polemoniaceae,"rose, pink, white",0.5,0.5ft; ,N/A,N/A,Full Sun,Dry,"Clay, Loamy, Sandy",N/A,N/A,N/A,http://www.nativeplantcenter.net/wp-content/uploads/2016/05/Phlox-subulata-1-USFWS-BES.jpg
black chokeberry,Photinia melanocarpa,Rosaceae,white or pink-tinged,3,6ft,3,6,"Full Sun, Partial Sun","Dry, Moist, Wet","Clay, Loamy, Sandy",N/A,N/A,N/A,http://www.nativeplantcenter.net/wp-content/uploads/2016/05/Photinia-melanocarpa-Aronia-m-USFWS-BES.jpg
red chokeberry,Photinia pyrifolia,Rosaceae,"white, purple-tinged",1.5,13ft,3,6,"Full Sun, Partial Sun","Dry, Moist, Wet","Clay, Loamy, Sandy",N/A,N/A,N/A,http://www.nativeplantcenter.net/wp-content/uploads/2016/05/Photinia-pyrifolia-Aronia-arbujpgolia-2-VT.jpg
ninebark,Physocarpus opulifolius,Rosaceae,"white, pink",5,12ft,5,12,"Full Sun, Partial Sun","Moist, Wet","Clay, Loamy",N/A,N/A,N/A,http://www.nativeplantcenter.net/wp-content/uploads/2016/05/Physocarpus-opulifolius-USFWS-BES.jpg
"obedient plant, false dragonhead",Physostegia virginiana,Lamiaceae,pink  to purple,1.5,5ft; ,N/A,N/A,"Full Sun, Partial Sun","Dry, Moist","Clay, Loamy, Sandy",N/A,N/A,N/A,http://www.nativeplantcenter.net/wp-content/uploads/2016/05/Physostegia-virginiana-1-USFWS-BES.jpg
"shortleaf pine, shortstraw pine, southern yellow pine",Pinus echinata,Pinaceae,,100,100ft; ,N/A,N/A,Full Sun,"Dry, Moist","Clay, Loamy, Sandy",N/A,N/A,N/A,http://www.nativeplantcenter.net/wp-content/uploads/2016/05/Pinus-echinata-BUG-RFW.jpg
pitch pine,Pinus rigida,Pinaceae,red- purple,50,75ft,50,75,Full Sun,Dry,"Loamy, Sandy",N/A,N/A,N/A,http://www.nativeplantcenter.net/wp-content/uploads/2016/05/Pinus-rigida-CM-NRCS.jpg
"pond pine, marsh pine, pocosin pine",Pinus serotina,Pinaceae,,50,60ft; ,N/A,N/A,Full Sun,"Moist, Wet","Loamy, Sandy",N/A,N/A,N/A,http://www.nativeplantcenter.net/wp-content/uploads/2016/05/Pinus-serotina-VT.jpg
"white pine, Eastern white pine",Pinus strobus,Pinaceae,red to purplish,75,100ft,50,75,Full Sun,"Dry, Moist",Loamy,N/A,N/A,N/A,http://www.nativeplantcenter.net/wp-content/uploads/2016/05/Pinus-strobus-USDA-NRCS.jpg
"loblolly pine, old field pine, North Carolina pine, bull pine, rosemary pine",Pinus taeda,Pinaceae,,70,90ft; ,N/A,N/A,Full Sun,"Dry, Moist, Wet","Clay, Loamy, Sandy",N/A,N/A,N/A,http://www.nativeplantcenter.net/wp-content/uploads/2016/05/Pinus-taeda-USFWS-BES.jpg
"Virginia pine, scrub pine, Jersey pine",Pinus virginiana,Pinaceae,,50,80ft; ,N/A,N/A,Full Sun,"Dry, Moist","Clay, Loamy, Sandy",N/A,N/A,N/A,http://www.nativeplantcenter.net/wp-content/uploads/2016/05/Pinus-virginiana-USDA-NRCS.jpg
"American sycamore, American planetree",Platanus occidentalis,Platanaceae,yellow-green,75,100ft,75,100,"Full Sun, Partial Sun","Moist, Wet","Loamy, Sandy",N/A,N/A,N/A,http://www.nativeplantcenter.net/wp-content/uploads/2016/05/Platanus-occidentalis-1-PLANTS-LA.jpg
Mayapple,Podophyllum peltatum,Berberidaceae,white,1,2ft; ,N/A,N/A,"Partial Sun, Shade",Moist,Loamy,N/A,N/A,N/A,http://www.nativeplantcenter.net/wp-content/uploads/2016/05/DSC_2212_1-700x467.jpg
"Jacob's ladder, Greek valerian, spreading Jacob's ladder",Polemonium reptans,Polemoniaceae,blue,0.5,1.5ft; ,N/A,N/A,"Partial Sun, Shade",Moist,"Loamy, Sandy",N/A,N/A,N/A,http://www.nativeplantcenter.net/wp-content/uploads/2016/05/Polemonium-reptans-RHW.jpg
"Solomon's seal, dwarf Solomon's seal",Polygonatum biflorum,Liliaceae,white or green,0.5,6.5ft; ,N/A,N/A,"Partial Sun, Shade","Dry, Moist",Loamy,N/A,N/A,N/A,http://www.nativeplantcenter.net/wp-content/uploads/2016/05/Polygonatum-biflorum-RHW.jpg
"Solomon's seal, downy Solomon's seal",Polygonatum pubescens,Liliaceae,yellowish-green,1,3.5ft; ,N/A,N/A,"Full Sun, Partial Sun, Shade","Dry, Moist","Clay, Loamy, Sandy",N/A,N/A,N/A,http://www.nativeplantcenter.net/wp-content/uploads/2016/05/Polygonatum-pubescens-UWI-KJS.jpg
Christmas fern,Polystichum acrostichoides,Dryopteridaceae,,0.5,2ft; ,N/A,N/A,"Partial Sun, Shade",Moist,"Loamy, Sandy",N/A,N/A,N/A,http://www.nativeplantcenter.net/wp-content/uploads/2016/05/Polystichum-achrostichoides-USFWS-BES.jpg
pickerelweed,Pontederia cordata,Pontederiaceae,purple,3.5,3.5ft; ,N/A,N/A,"Full Sun, Partial Sun","Flooded, Wet","Clay, Loamy, Sandy",N/A,N/A,N/A,http://www.nativeplantcenter.net/wp-content/uploads/2016/05/Pontederia-cordata-UWI-MC.jpg
"eastern cottonwood, Carolina poplar, southern cottonwood",Populus deltoides,Salicaceae,red,75,100ft,50,100,Full Sun,"Moist, Wet","Clay, Loamy, Sandy",N/A,N/A,N/A,http://www.nativeplantcenter.net/wp-content/uploads/2016/05/Populus-deltoides-UWI-JK.jpg
"swamp cottonwood, swamp poplar, black cottonwood, downy poplar",Populus heterophylla,Salicaceae,,80,80ft; ,N/A,N/A,Full Sun,Wet,"Clay, Loamy",N/A,N/A,N/A,http://www.nativeplantcenter.net/wp-content/uploads/2016/05/Populus-heterophylla-1-VT.jpg
Bowman's root,Porteranthus trifoliatus,Rosaceae,white,1.5,4ft; ,N/A,N/A,"Full Sun, Partial Sun",Moist,"Clay, Loamy, Sandy",N/A,N/A,N/A,http://www.nativeplantcenter.net/wp-content/uploads/2016/05/Porteranthus-trifoliata-Gillenia-trifoliata-RHW.jpg
American wild plum,Prunus americana,Rosaceae,white,20,35ft,20,35,"Full Sun, Partial Sun","Dry, Moist","Loamy, Sandy",N/A,N/A,N/A,http://www.nativeplantcenter.net/wp-content/uploads/2016/05/Prunus-americana-RHW.jpg
beach plum,Prunus maritima,Rosaceae,white,1,8ft,3,6,"Full Sun, Partial Sun","Dry, Moist","Loamy, Sandy",N/A,N/A,N/A,http://www.nativeplantcenter.net/wp-content/uploads/2016/05/Prunus-maritima-CM-NRCS.jpg
"pin cherry, fire cherry",Prunus pensylvanica,Rosaceae,white,20,35ft,20,35,"Full Sun, Partial Sun",Dry,"Clay, Loamy, Sandy",N/A,N/A,N/A,http://www.nativeplantcenter.net/wp-content/uploads/2016/05/Prunus-pensylvanica-RHW.jpg
"black cherry, wild cherry, black chokecherry, rum cherry",Prunus serotina,Rosaceae,white,40,75ft,20,35,Full Sun,"Dry, Moist",Loamy,N/A,N/A,N/A,http://www.nativeplantcenter.net/wp-content/uploads/2016/05/Prunus-serotina-1-CM-NRCS.jpg
choke cherry,Prunus virginiana,Rosaceae,white,25,50ft,20,35,Full Sun,Moist,"Clay, Loamy, Sandy",N/A,N/A,N/A,http://www.nativeplantcenter.net/wp-content/uploads/2016/05/Prunus-virginiana-RHW.jpg
bracken fern,Pteridium aquilinum,Dennstaedtiaceae,,1.5,6ft; ,N/A,N/A,"Full Sun, Partial Sun","Dry, Moist, Wet","Clay, Loamy, Sandy",N/A,N/A,N/A,http://www.nativeplantcenter.net/wp-content/uploads/2016/05/Pteridium-aquilinum-CM-NRCS.jpg
hoary mountain mint,Pycnanthemum incanum,Lamiaceae,"white to lavender, purple spots",3,3ft; ,N/A,N/A,Shade,Dry,"Clay, Loamy, Sandy",N/A,N/A,N/A,http://www.nativeplantcenter.net/wp-content/uploads/2016/05/Pycnanthemum-incanum-RHW.jpg
narrow-leaved mountain mint,Pycnanthemum tenuifolium,Lamiaceae,purple to white,1.5,2.5ft; ,N/A,N/A,"Full Sun, Partial Sun","Dry, Moist",Sandy,N/A,N/A,N/A,http://www.nativeplantcenter.net/wp-content/uploads/2016/05/Pycnanthemum-tenuifolium-PLANTS-RM89.jpg
"white oak, stave oak",Quercus alba,Fagaceae,yellow-green,75,100ft,75,100,"Full Sun, Partial Sun","Dry, Moist","Loamy, Sandy",N/A,N/A,N/A,http://www.nativeplantcenter.net/wp-content/uploads/2016/05/Quercus-alba-CM-NRCS.jpg
"swamp white oak, swamp oak",Quercus bicolor,Fagaceae,yellow-green,60,100ft,50,75,"Full Sun, Partial Sun",Wet,"Clay, Loamy, Sandy",N/A,N/A,N/A,http://www.nativeplantcenter.net/wp-content/uploads/2016/05/Quercus-bicolor-1-PLANTS-RM89.jpg
"scarlet oak, red oak, black oak",Quercus coccinea,Fagaceae,yellow-green,40,75ft,50,75,Full Sun,"Dry, Moist","Loamy, Sandy",N/A,N/A,N/A,http://www.nativeplantcenter.net/wp-content/uploads/2016/05/Quercus-coccinea-CM-NRCS.jpg
"southern red oak, Spanish oak, swamp red oak",Quercus falcata,Fagaceae,,70,80ft; ,N/A,N/A,Full Sun,"Dry, Moist","Clay, Loamy, Sandy",N/A,N/A,N/A,http://www.nativeplantcenter.net/wp-content/uploads/2016/05/Quercus-falcata-DFT-HW.jpg
"bear oak, scrub oak",Quercus ilicifolia,Fagaceae,yellow-green or reddish,12,20ft,12,20,Full Sun,Dry,"Clay, Loamy, Sandy",N/A,N/A,N/A,http://www.nativeplantcenter.net/wp-content/uploads/2016/05/Quercus-ilicifolia-CM-NRCS.jpg
"blackjack oak, Jack oak",Quercus marilandica,Fagaceae,yellow-green,35,50ft,35,50,Partial Sun,Dry,"Loamy, Sandy",N/A,N/A,N/A,http://www.nativeplantcenter.net/wp-content/uploads/2016/05/Quercus-marilandica-CM-NRCS.jpg
"swamp chestnut oak, basket oak, cow oak",Quercus michauxii,Fagaceae,yellow-green,50,80ft,75,100,Full Sun,"Moist, Wet",Loamy,N/A,N/A,N/A,http://www.nativeplantcenter.net/wp-content/uploads/2016/05/Quercus-michauxii-PLANTS-1995.jpg
"Chinquapin oak, yellow oak, chestnut oak, chinkapin oak",Quercus muehlenbergii,Fagaceae,yellow-green,35,50ft,35,50,Full Sun,"Dry, Moist",Loamy,N/A,N/A,N/A,http://www.nativeplantcenter.net/wp-content/uploads/2016/05/Quercus-muehlenbergii-UWI-KJS.jpg
water oak,Quercus nigra,Fagaceae,,50,80ft; ,N/A,N/A,"Partial Sun, Shade","Moist, Wet","Clay, Loamy",N/A,N/A,N/A,http://www.nativeplantcenter.net/wp-content/uploads/2016/05/Quercus-nigra-PLANTS-LA.jpg
"pin oak, swamp oak, Spanish oak",Quercus palustris,Fagaceae,yellow-green,50,80ft,50,75,Full Sun,"Moist, Wet","Clay, Loamy",N/A,N/A,N/A,http://www.nativeplantcenter.net/wp-content/uploads/2016/05/Quercus-palustris-PLANTS-RM91.jpg
"willow oak, pin oak, peach oak",Quercus phellos,Fagaceae,,80,100ft; ,N/A,N/A,"Full Sun, Partial Sun","Moist, Wet","Clay, Loamy",N/A,N/A,N/A,http://www.nativeplantcenter.net/wp-content/uploads/2016/05/Quercus-phellos-USFWS-BES.jpg
"chestnut oak, rock oak",Quercus prinus,Fagaceae,yellowish,40,80ft; ,N/A,N/A,"Full Sun, Partial Sun, Shade",Dry,"Loamy, Sandy",N/A,N/A,N/A,http://www.nativeplantcenter.net/wp-content/uploads/2016/05/Quercus-prinus-PLANTS-1997.jpg
northern red oak,Quercus rubra,Fagaceae,,90,90ft; ,N/A,N/A,"Full Sun, Partial Sun","Dry, Moist","Clay, Loamy",N/A,N/A,N/A,http://www.nativeplantcenter.net/wp-content/uploads/2016/05/Quercus-rubra-UWI-KJS.jpg
"post oak, iron oak",Quercus stellata,Fagaceae,yellow-green,35,50ft,35,50,Full Sun,"Dry, Moist","Clay, Loamy, Sandy",N/A,N/A,N/A,http://www.nativeplantcenter.net/wp-content/uploads/2016/05/Quercus-stellata-CM-NRCS.jpg
"black oak, yellow bark oak, quercitron oak",Quercus velutina,Fagaceae,yellow-green,75,100ft,75,100,Full Sun,"Dry, Moist","Clay, Loamy, Sandy",N/A,N/A,N/A,http://www.nativeplantcenter.net/wp-content/uploads/2016/05/Quercus-velutina-BUG-DJM.jpg
Virginia meadow-beauty,Rhexia virginica,Melastomaceae,dark pink,1,3.5ft; ,N/A,N/A,Full Sun,Wet,Loamy,N/A,N/A,N/A,http://www.nativeplantcenter.net/wp-content/uploads/2016/05/Rhexia-virginica-RHW.jpg
dwarf or coast azalea,Rhododendron atlanticum,Ericaceae,"white, purple-tinged",1,2.5ft,2,3,"Partial Sun, Shade",Moist,Sandy,N/A,N/A,N/A,http://www.nativeplantcenter.net/wp-content/uploads/2016/05/Rhododendron-atlanticum-1-GM-ARS.jpg
flame azalea,Rhododendron calendulaceum,Ericaceae,"yellow, orange, red",5,9ft,6,9,Partial Sun,"Dry, Moist","Clay, Loamy",N/A,N/A,N/A,http://www.nativeplantcenter.net/wp-content/uploads/2016/05/Rhododendron-calendulaceum-RHW.jpg
sweet azalea,Rhododendron canescens,Ericaceae,white or pink,3,10ft,3,9,Partial Sun,Moist,Sandy,N/A,N/A,N/A,http://www.nativeplantcenter.net/wp-content/uploads/2016/05/Rhododendron-canescens-1-PLANTS.jpg
"great laurel, rosebay rhododendron",Rhododendron maximum,Ericaceae,"white, pink",15,20ft,10,15,"Partial Sun, Shade","Moist, Wet",Loamy,N/A,N/A,N/A,http://www.nativeplantcenter.net/wp-content/uploads/2016/05/Rhododendron-maximum-1-RHW.jpg
"pinxterbloom, pink azalea, pinxterbloom azalea, pinxter flower",Rhododendron periclymenoides,Ericaceae,"pink, purple, white",3,10ft,6,12,"Full Sun, Partial Sun, Shade","Dry, Moist, Wet",Loamy,N/A,N/A,N/A,http://www.nativeplantcenter.net/wp-content/uploads/2016/05/Rhododendron-periclymenoides-RHW.jpg
"rose azalea, roseshell azalea, mountain azalea, early azalea",Rhododendron prinophyllum,Ericaceae,pink,2,8ft,2,8,"Full Sun, Partial Sun, Shade","Dry, Moist",,N/A,N/A,N/A,http://www.nativeplantcenter.net/wp-content/uploads/2016/05/Rhododendron-prinophyllum-PLANTS.jpg
swamp azalea,Rhododendron viscosum,Ericaceae,"white, pink",6.5,10ft,6,12,"Full Sun, Partial Sun","Moist, Wet","Clay, Loamy, Sandy",N/A,N/A,N/A,http://www.nativeplantcenter.net/wp-content/uploads/2016/05/Rhododendron-viscosum-RHW.jpg
fragrant sumac,Rhus aromatica,Anacardiaceae,greenish yellow,6,6ft,12,12,"Full Sun, Partial Sun",Dry,"Loamy, Sandy",N/A,N/A,N/A,http://www.nativeplantcenter.net/wp-content/uploads/2016/05/Rhus-aromatica-1-RHW.jpg
"shining sumac, winged sumac, flameleaf sumac, dwarf sumac",Rhus copallina,Anacardiaceae,greenish yellow,20,35ft,20,35,"Full Sun, Partial Sun",Dry,"Clay, Loamy, Sandy",N/A,N/A,N/A,http://www.nativeplantcenter.net/wp-content/uploads/2016/05/Rhus-coppalina-CM-NRCS.jpg
sweet or smooth sumac,Rhus glabra,Anacardiaceae,greenish,2,20ft,2,35,Full Sun,"Dry, Moist","Loamy, Sandy",N/A,N/A,N/A,http://www.nativeplantcenter.net/wp-content/uploads/2016/05/Rhus-glabra-CM-NRCS.jpg
staghorn sumac,Rhus hirta,Anacardiaceae,yellow-green,35,50ft,35,50,Full Sun,"Dry, Moist","Clay, Loamy, Sandy",N/A,N/A,N/A,http://www.nativeplantcenter.net/wp-content/uploads/2016/05/Rhus-hirta-R-typhina-RHW.jpg
Appalachian or eastern gooseberry,Ribes rotundifolium,Grossulariacea,greenish purple,3,6ft,3,6,Partial Sun,Dry,"Clay, Loamy, Sandy",N/A,N/A,N/A,http://www.nativeplantcenter.net/wp-content/uploads/2016/05/Ribes-rotundifolium-USFWS-BES.jpg
pasture rose,Rosa carolina,Rosaceae,pale pink,0.5,3ft,3,6,"Full Sun, Partial Sun","Dry, Moist","Clay, Loamy, Sandy",N/A,N/A,N/A,http://www.nativeplantcenter.net/wp-content/uploads/2016/05/Rosa-carolina-1-RHW.jpg
swamp rose,Rosa palustris,Rosaceae,pink,8,8ft; ,N/A,N/A,"Full Sun, Partial Sun, Shade","Flooded, Moist, Wet","Clay, Loamy",N/A,N/A,N/A,http://www.nativeplantcenter.net/wp-content/uploads/2016/05/Rosa-pal-in-flwr-CM-NRCS.jpg
Allegheny blackberry,Rubus allegheniensis,Rosaceae,white,3,9ft,6,12,"Full Sun, Partial Sun","Dry, Moist","Clay, Loamy",N/A,N/A,N/A,http://www.nativeplantcenter.net/wp-content/uploads/2016/05/Rubus-allegheniensis-1-USFWS-BES.jpg
"purple flowering raspberry, fragrant thimbleberry",Rubus odoratus,Rosaceae,rose purple,3,6ft,6,12,"Partial Sun, Shade",Moist,"Clay, Loamy, Sandy",N/A,N/A,N/A,http://www.nativeplantcenter.net/wp-content/uploads/2016/05/Rubus-odoratus-PLANTS-WSJ.jpg
"early coneflower, eastern coneflower, orange coneflower",Rudbeckia fulgida,Asteraceae,"yellow-orange, black eye",1.5,3.5ft; ,N/A,N/A,"Full Sun, Partial Sun","Dry, Moist",Loamy,N/A,N/A,N/A,http://www.nativeplantcenter.net/wp-content/uploads/2016/05/Rudbeckia-fulgida-USFWS-RL.jpg
"black-eyed Susan, blackeyed susan",Rudbeckia hirta,Asteraceae,"yellow, black eye",1,3.5ft; ,N/A,N/A,"Full Sun, Partial Sun","Dry, Moist","Clay, Loamy",N/A,N/A,N/A,http://www.nativeplantcenter.net/wp-content/uploads/2016/05/Rudbeckia-hirta-USDA-MG.jpg
"tall coneflower, green-headed coneflower, cutleaf coneflower",Rudbeckia laciniata,Asteraceae,yellow,1.5,10ft; ,N/A,N/A,"Full Sun, Partial Sun","Moist, Wet","Clay, Loamy, Sandy",N/A,N/A,N/A,http://www.nativeplantcenter.net/wp-content/uploads/2016/05/Rudbeckia-laciniata-RHW.jpg
three-lobed coneflower,Rudbeckia triloba,Asteraceae,yellow or orange,1.5,4.5ft; ,N/A,N/A,"Full Sun, Partial Sun","Dry, Moist","Loamy, Sandy",N/A,N/A,N/A,http://www.nativeplantcenter.net/wp-content/uploads/2016/05/Rudbeckia-triloba-PLANTS-WSJ.jpg
Carolina wild petunia,Ruellia caroliniensis,Acanthaceae,lavender-blue,0.5,3ft; ,N/A,N/A,"Full Sun, Partial Sun",Moist,"Clay, Loamy, Sandy",N/A,N/A,N/A,http://www.nativeplantcenter.net/wp-content/uploads/2016/05/Ruellia-caroliniensis-RHW.jpg
"rose pink, common marsh-pink",Sabatia angularis,Gentianaceae,pink or white,1,3ft; ,N/A,N/A,"Full Sun, Partial Sun",Moist,"Clay, Loamy, Sandy",N/A,N/A,N/A,http://www.nativeplantcenter.net/wp-content/uploads/2016/05/Sabatia-angularis-RHW.jpg
"giant plumegrass, sugar cane",Saccharum giganteum,Poaceae,,3.5,10ft; ,N/A,N/A,"Full Sun, Partial Sun","Moist, Wet","Loamy, Sandy",N/A,N/A,N/A,http://www.nativeplantcenter.net/wp-content/uploads/2016/05/Saccharum-giganteum-USDA-NRCS.jpg
"duck potato, arrowhead, broadleaf arrowhead",Sagittaria latifolia,Alismataceae,white,0.5,4ft; ,N/A,N/A,"Full Sun, Partial Sun","Flooded, Wet","Clay, Loamy",N/A,N/A,N/A,http://www.nativeplantcenter.net/wp-content/uploads/2016/05/Sagittaria-lajpgolia-RHW.jpg
prairie willow,Salix humilis,Salicaceae,greenish yellow,6,12ft,6,12,Full Sun,"Dry, Moist, Wet","Clay, Loamy, Sandy",N/A,N/A,N/A,http://www.nativeplantcenter.net/wp-content/uploads/2016/05/Salix-humilis-PLANTS-1997.jpg
"black willow, swamp willow",Salix nigra,Salicaceae,yellow green,35,50ft,20,35,"Full Sun, Partial Sun","Flooded, Moist, Wet","Clay, Loamy, Sandy",N/A,N/A,N/A,http://www.nativeplantcenter.net/wp-content/uploads/2016/05/Salix-nigra-CM-NRCS.jpg
silky willow,Salix sericea,Salicaceae,,12,12ft; ,N/A,N/A,"Full Sun, Partial Sun, Shade","Moist, Wet","Clay, Loamy, Sandy",N/A,N/A,N/A,http://www.nativeplantcenter.net/wp-content/uploads/2016/05/Salix-sericea-CM-NRCS.jpg
lyre-leaf sage,Salvia lyrata,Lamiaceae,violet,1,2ft; ,N/A,N/A,"Full Sun, Partial Sun","Dry, Moist","Loamy, Sandy",N/A,N/A,N/A,http://www.nativeplantcenter.net/wp-content/uploads/2016/05/Salvia-lyrata-RHW.jpg
"common elderberry, American elder",Sambucus nigra ssp. canadensis,Caprifoliaceae,white,6,12ft,6,12,"Full Sun, Partial Sun, Shade","Dry, Moist, Wet","Clay, Loamy, Sandy",N/A,N/A,N/A,http://www.nativeplantcenter.net/wp-content/uploads/2016/05/Sambucus-nigra-ssp-canadensis-S-can-1-RS-MNPS.jpg
"red elderberry, scarlet elder",Sambucus racemosa var. racemosa,Caprifoliaceae,white,6,12ft,6,12,Shade,"Dry, Moist",Loamy,N/A,N/A,N/A,http://www.nativeplantcenter.net/wp-content/uploads/2016/05/Sambucus-racemosa-v-racemosa-S-pubens-1-RHW.jpg
bloodroot,Sanguinaria canadensis,Papaveraceae,white,0.5,0.5ft; ,N/A,N/A,Shade,Moist,Loamy,N/A,N/A,N/A,http://www.nativeplantcenter.net/wp-content/uploads/2016/05/Sanguinaria-canadensis-RHW.jpg
sassafras,Sassafras albidum,Lauraceae,yellow-green,35,50ft,35,50,"Full Sun, Partial Sun","Dry, Moist","Loamy, Sandy",N/A,N/A,N/A,http://www.nativeplantcenter.net/wp-content/uploads/2016/05/Sassafras-albidum-1-USFWS-BES.jpg
lizard's tail,Saururus cernuus,Saururaceae,greenish white,1.5,4.5ft; ,N/A,N/A,"Full Sun, Partial Sun","Flooded, Wet","Clay, Loamy, Sandy",N/A,N/A,N/A,http://www.nativeplantcenter.net/wp-content/uploads/2016/05/Saururus-cernuus-RHW.jpg
eastern swamp saxifrage,Saxifraga pensylvanica,Saxifragaceae,white to green,1,3ft; ,N/A,N/A,"Full Sun, Partial Sun",Wet,"Clay, Loamy, Sandy",N/A,N/A,N/A,http://www.nativeplantcenter.net/wp-content/uploads/2016/05/Saxifraga-pensylvanica-RHW.jpg
early saxifrage,Saxifraga virginiensis,Saxifragaceae,white,0.5,1ft; ,N/A,N/A,"Full Sun, Partial Sun, Shade","Dry, Moist",,N/A,N/A,N/A,http://www.nativeplantcenter.net/wp-content/uploads/2016/05/Saxifraga-virginiensis-RHW.jpg
little bluestem,Schizachyrium scoparium,Poaceae,,1.5,4ft; ,N/A,N/A,Full Sun,Dry,"Loamy, Sandy",N/A,N/A,N/A,http://www.nativeplantcenter.net/wp-content/uploads/2016/05/Schizachyrium-fall-USFWS.jpg
common three-square,Schoenoplectus pungens var. pungens,Cyperaceae,brown,4,4ft; ,N/A,N/A,Full Sun,"Flooded, Wet","Clay, Loamy, Sandy",N/A,N/A,N/A,http://www.nativeplantcenter.net/wp-content/uploads/2016/05/Schoenoplectus-pungens-Scirpus-p-CM-NRCS.jpg
"great bulrush, soft stem bulrush",Schoenoplectus validus,Cyperaceae,brown,6,10ft; ,N/A,N/A,Full Sun,"Flooded, Wet","Clay, Loamy, Sandy",N/A,N/A,N/A,http://www.nativeplantcenter.net/wp-content/uploads/2016/05/Schoenoplectus-validus-Scirpus-v-PLANTS-1995.jpg
"black or green bulrush, dark green bulrush",Scirpus atrovirens,Cyperaceae,brown,3,6ft; ,N/A,N/A,Full Sun,"Flooded, Wet","Clay, Loamy",N/A,N/A,N/A,http://www.nativeplantcenter.net/wp-content/uploads/2016/05/Scirpus-atrovirens-PLANTS-JA.jpg
"woolgrass, woolgrass bulrush",Scirpus cyperinus,Cyperaceae,brown,4,5ft; ,N/A,N/A,Full Sun,"Flooded, Moist, Wet","Clay, Loamy, Sandy",N/A,N/A,N/A,http://www.nativeplantcenter.net/wp-content/uploads/2016/05/Scirpus-cyperinus-USDA-JK.jpg
"rough skullcap, helmet flower, hyssop skullcap",Scutellaria integrifolia,Lamiaceae,"blue, pink, white",1,2.5ft; ,N/A,N/A,"Full Sun, Partial Sun","Dry, Moist, Wet",,N/A,N/A,N/A,http://www.nativeplantcenter.net/wp-content/uploads/2016/05/Scutellaria-integrifolia-RHW.jpg
"mountain stonecrop, wild stonecrop",Sedum ternatum,Crassulaceae,greenish-white,0.5,0.5ft; ,N/A,N/A,"Partial Sun, Shade",Moist,,N/A,N/A,N/A,http://www.nativeplantcenter.net/wp-content/uploads/2016/05/Sedum-ternatum-RHW.jpg
"Maryland wild senna, southern wild senna",Senna marilandica,Caesalpiniaceae,yellow,3,6.5ft; ,N/A,N/A,"Full Sun, Partial Sun","Dry, Moist","Loamy, Sandy",N/A,N/A,N/A,http://www.nativeplantcenter.net/wp-content/uploads/2016/05/Senna-marilandica-1-USFWS-BES.jpg
wild pink,Silene caroliniana,Caryophyllaceae,white to pink,0.5,1ft; ,N/A,N/A,"Full Sun, Partial Sun","Dry, Moist",Loamy,N/A,N/A,N/A,http://www.nativeplantcenter.net/wp-content/uploads/2016/05/Silene-caroliniana-RHW.jpg
"starry campion, widow's frill",Silene stellata,Caryophyllaceae,white,1,3.5ft; ,N/A,N/A,"Full Sun, Partial Sun","Dry, Moist",,N/A,N/A,N/A,http://www.nativeplantcenter.net/wp-content/uploads/2016/05/Silene-stellata-RHW.jpg
fire pink,Silene virginica,Caryophyllaceae,dark pink to red,1,3ft; ,N/A,N/A,"Full Sun, Partial Sun","Dry, Moist",Loamy,N/A,N/A,N/A,http://www.nativeplantcenter.net/wp-content/uploads/2016/05/Silene-virginica-RHW.jpg
cup plant,Silphium perfoliatum,Asteraceae,yellow,3,8ft; ,N/A,N/A,"Full Sun, Partial Sun, Shade","Dry, Moist",Loamy,N/A,N/A,N/A,http://www.nativeplantcenter.net/wp-content/uploads/2016/05/Silphium-perfoliatum-PLANTS-DL.jpg
blue-eyed grass,Sisyrinchium angustifolium,Iridaceae,blue-violet,0.5,1.5ft; ,N/A,N/A,"Full Sun, Partial Sun","Dry, Moist","Clay, Loamy",N/A,N/A,N/A,http://www.nativeplantcenter.net/wp-content/uploads/2016/05/Sisyrinchium-angusjpgolium-S-graminoides-CM-NRCS.jpg
"coastal blue-eyed grass, eastern blue-eyed grass",Sisyrinchium atlanticum,Iridaceae,blue-violet,0.5,2.5ft; ,N/A,N/A,Full Sun,"Moist, Wet",,N/A,N/A,N/A,http://www.nativeplantcenter.net/wp-content/uploads/2016/05/Sisyrinchium-atlanticum-UWI-JS.jpg
smooth carrion flower,Smilax herbacea,Smilacaceae,greenish-yellow,3,9ft; ,N/A,N/A,Partial Sun,Moist,"Clay, Loamy, Sandy",N/A,N/A,N/A,http://www.nativeplantcenter.net/wp-content/uploads/2016/05/Smilax-herbacea-1-RHW.jpg
"bluestem goldenrod, wreath goldenrod",Solidago caesia,Asteraceae,yellow,1,3.5ft; ,N/A,N/A,"Full Sun, Partial Sun, Shade","Dry, Moist","Clay, Loamy",N/A,N/A,N/A,http://www.nativeplantcenter.net/wp-content/uploads/2016/05/Solidago-caesia-RHW.jpg
Canada goldenrod,Solidago canadensis,Asteraceae,yellow,1,6.5ft; ,N/A,N/A,"Full Sun, Partial Sun","Dry, Moist","Clay, Loamy, Sandy",N/A,N/A,N/A,http://www.nativeplantcenter.net/wp-content/uploads/2016/05/Solidago-canadensis-UWI-MRB.jpg
"tall goldenrod, late goldenrod",Solidago canadensis var. scabra,Asteraceae,yellow,3.5,6.5ft; ,N/A,N/A,"Full Sun, Partial Sun","Dry, Moist",Loamy,N/A,N/A,N/A,http://www.nativeplantcenter.net/wp-content/uploads/2016/05/Solidago-canadensis-v-scabra-S-altissima-UWI-RRK.jpg
broad leaf or zig zag goldenrod,Solidago flexicaulis,Asteraceae,yellow,1,3.5ft; ,N/A,N/A,"Partial Sun, Shade","Dry, Moist",Loamy,N/A,N/A,N/A,http://www.nativeplantcenter.net/wp-content/uploads/2016/05/Solidago-flexicaulis-RHW.jpg
early goldenrod,Solidago juncea,Asteraceae,yellow,1,4ft; ,N/A,N/A,Full Sun,"Dry, Moist",Sandy,N/A,N/A,N/A,http://www.nativeplantcenter.net/wp-content/uploads/2016/05/Solidago-juncea-RHW.jpg
"gray goldenrod, dwarf, old-field, one-sided goldenrod",Solidago nemoralis,Asteraceae,yellow,0.5,3ft; ,N/A,N/A,"Full Sun, Partial Sun",Dry,"Loamy, Sandy",N/A,N/A,N/A,http://www.nativeplantcenter.net/wp-content/uploads/2016/05/Solidago-nemoralis-RHW.jpg
sweet goldenrod,Solidago odora,Asteraceae,yellow,1.5,5ft; ,N/A,N/A,"Full Sun, Partial Sun","Dry, Moist","Clay, Loamy, Sandy",N/A,N/A,N/A,http://www.nativeplantcenter.net/wp-content/uploads/2016/05/Solidago-odora-RHW.jpg
"wrinkle-leaf goldenrod, rough-stemmed goldenrod",Solidago rugosa,Asteraceae,yellow,1,6.5ft; ,N/A,N/A,"Full Sun, Partial Sun","Moist, Wet","Loamy, Sandy",N/A,N/A,N/A,http://www.nativeplantcenter.net/wp-content/uploads/2016/05/Solidago-rugosa-RHW.jpg
seaside goldenrod,Solidago sempervirens,Asteraceae,yellow,1,6.5ft; ,N/A,N/A,"Full Sun, Partial Sun","Dry, Moist","Loamy, Sandy",N/A,N/A,N/A,http://www.nativeplantcenter.net/wp-content/uploads/2016/05/Solidago-sempervirens-RHW.jpg
"showy goldenrod, slender goldenrod",Solidago speciosa,Asteraceae,yellow,2,6.5ft; ,N/A,N/A,"Full Sun, Partial Sun","Dry, Moist","Loamy, Sandy",N/A,N/A,N/A,http://www.nativeplantcenter.net/wp-content/uploads/2016/05/Solidago-speciosa-PLANTS-TGB.jpg
American mountain ash,Sorbus americana,Rosaceae,white,30,40ft; ,N/A,N/A,Full Sun,Moist,"Clay, Loamy, Sandy",N/A,N/A,N/A,http://www.nativeplantcenter.net/wp-content/uploads/2016/05/Sorbus-americana-Pyrus-a-2-RHW.jpg
Indiangrass,Sorghastrum nutans,Poaceae,,2.5,8ft; ,N/A,N/A,Full Sun,"Dry, Moist","Clay, Loamy, Sandy",N/A,N/A,N/A,http://www.nativeplantcenter.net/wp-content/uploads/2016/05/Sorghastrum-nutans-RHW.jpg
American bur-reed,Sparganium americanum,Sparganiaceae,greenish,5,5ft; ,N/A,N/A,"Full Sun, Partial Sun","Flooded, Wet","Clay, Loamy, Sandy",N/A,N/A,N/A,http://www.nativeplantcenter.net/wp-content/uploads/2016/05/Sparganium-americanum-RHW.jpg
salt marsh or smooth cordgrass,Spartina alterniflora,Poaceae,,2,7ft; ,N/A,N/A,Full Sun,"Flooded, Moist, Wet","Clay, Loamy, Sandy",N/A,N/A,N/A,http://www.nativeplantcenter.net/wp-content/uploads/2016/05/Spartina-alterniflora-USFWS.jpg
big cordgrass,Spartina cynosuroides,Poaceae,,3.5,10ft; ,N/A,N/A,Full Sun,"Flooded, Moist, Wet","Clay, Loamy, Sandy",N/A,N/A,N/A,http://www.nativeplantcenter.net/wp-content/uploads/2016/05/Spartina-cynosuroides-PLANTS-LA.jpg
salt meadow hay,Spartina patens,Poaceae,,1,3ft; ,N/A,N/A,Full Sun,"Flooded, Moist, Wet","Clay, Loamy, Sandy",N/A,N/A,N/A,http://www.nativeplantcenter.net/wp-content/uploads/2016/05/Spartina-patens-CM-NRCS.jpg
"freshwater cordgrass, prairie cordgrass",Spartina pectinata,Poaceae,,4,ft; ,N/A,N/A,Full Sun,"Flooded, Moist, Wet",Loamy,N/A,N/A,N/A,http://www.nativeplantcenter.net/wp-content/uploads/2016/05/Spartina-pectinata-CM-NRCS.jpg
narrow-leaved meadow-sweet,Spiraea alba,Rosaceae,white,3,6ft,3,6,Full Sun,Moist,"Clay, Loamy, Sandy",N/A,N/A,N/A,http://www.nativeplantcenter.net/wp-content/uploads/2016/05/Spiraea-alba-RHW.jpg
broad-leaved meadow-sweet,Spiraea alba var. latifolia,Rosaceae,white or pinkish,3,6ft,3,6,Full Sun,Moist,"Loamy, Sandy",N/A,N/A,N/A,http://www.nativeplantcenter.net/wp-content/uploads/2016/05/Spiraea-alba-v-lajpgolia-S-latifolia-RHW.jpg
"steeplebush, hardback spirea",Spiraea tomentosa,Rosaceae,pink to purple,3,6ft,3,6,Full Sun,"Moist, Wet","Clay, Loamy, Sandy",N/A,N/A,N/A,http://www.nativeplantcenter.net/wp-content/uploads/2016/05/Spiraea-tomentosa-RHW.jpg
nodding ladies'  tresses,Spiranthes cernua,Orchidaceae,white,0.5,2ft; ,N/A,N/A,"Full Sun, Partial Sun","Moist, Wet","Clay, Loamy, Sandy",N/A,N/A,N/A,http://www.nativeplantcenter.net/wp-content/uploads/2016/05/Spiranthes-cernua-USFWS-BES.jpg
hedge nettle,Stachys tenuifolia,Lamiaceae,white to pink,1.5,3.5ft; ,N/A,N/A,"Full Sun, Partial Sun, Shade","Moist, Wet","Clay, Loamy, Sandy",N/A,N/A,N/A,http://www.nativeplantcenter.net/wp-content/uploads/2016/05/Stachys-tenuifolia-S-hispida-RHW.jpg
American bladdernut,Staphylea trifolia,Staphyleacelae,greenish white,3,15ft,6,12,Shade,Moist,Loamy,N/A,N/A,N/A,http://www.nativeplantcenter.net/wp-content/uploads/2016/05/Staphylea-trifolia-RHW.jpg
"star chickweed, great chickweed",Stellaria pubera,Caryophyllaceae,white,0.5,1.5ft; ,N/A,N/A,Shade,Moist,,N/A,N/A,N/A,http://www.nativeplantcenter.net/wp-content/uploads/2016/05/Stellaria-pubera-RHW.jpg
heart-leaved aster,Symphyotrichum cordifolium,Asteraceae,blue-violet to rose,1,5ft; ,N/A,N/A,"Partial Sun, Shade","Dry, Moist","Clay, Loamy, Sandy",N/A,N/A,N/A,http://www.nativeplantcenter.net/wp-content/uploads/2016/05/Symphyotrichum-cordifolius-Aster-c-RHW.jpg
"heath aster, white heath aster, dense-flowered aster, frostweed",Symphyotrichum ericoides var. ericoides,Asteraceae,"white, rarely blue, violet, rose",0.5,6.5ft; ,N/A,N/A,"Full Sun, Partial Sun","Dry, Moist","Loamy, Sandy",N/A,N/A,N/A,http://www.nativeplantcenter.net/wp-content/uploads/2016/05/Symphyotrichum-ericoides-Aster-e-RHW.jpg
smooth blue aster,Symphyotrichum laeve var. laeve,Asteraceae,"pale blue, violet, white",1,5ft; ,N/A,N/A,"Full Sun, Partial Sun",Dry,"Clay, Loamy, Sandy",N/A,N/A,N/A,http://www.nativeplantcenter.net/wp-content/uploads/2016/05/Symphyotrichum-laeve-var-laeve-Aster-laevis-MOBOT.jpg
New England aster,Symphyotrichum novae-angliae,Asteraceae,violet,1,6ft; ,N/A,N/A,"Full Sun, Partial Sun",Moist,Loamy,N/A,N/A,N/A,http://www.nativeplantcenter.net/wp-content/uploads/2016/05/Symphyotrichum-novae-angliae-Aster-n-a-USFWS.jpg
New York aster,Symphyotrichum novi-belgii var. novi-belgii,Asteraceae,blue-violet,1,4.5ft; ,N/A,N/A,"Full Sun, Partial Sun","Moist, Wet",Loamy,N/A,N/A,N/A,http://www.nativeplantcenter.net/wp-content/uploads/2016/05/Symphyotrichum-novi-belgii-Aster-n-b-RHW.jpg
skunk cabbage,Symplocarpus foetidus,Araceae,green to purple-brown,1,3ft; ,N/A,N/A,"Partial Sun, Shade",Wet,"Clay, Loamy, Sandy",N/A,N/A,N/A,http://www.nativeplantcenter.net/wp-content/uploads/2016/05/Symplocarpus-foetidus-1-RHW.jpg
"bald cypress, cypress, swamp cypress",Taxodium distichum,Taxodiaceae,deep purple,50,100ft,20,35,"Full Sun, Partial Sun",Wet,"Clay, Loamy, Sandy",N/A,N/A,N/A,http://www.nativeplantcenter.net/wp-content/uploads/2016/05/Taxodium-distichum-1-USFWS-BES.jpg
early meadow rue,Thalictrum dioicum,Ranunculaceae,green to purple,1,2.5ft; ,N/A,N/A,Shade,Moist,Loamy,N/A,N/A,N/A,http://www.nativeplantcenter.net/wp-content/uploads/2016/05/Thalictrum-dioicum-RHW.jpg
tall meadow rue,Thalictrum pubescens,Ranunculaceae,white,1.5,9ft; ,N/A,N/A,"Full Sun, Partial Sun, Shade","Moist, Wet",,N/A,N/A,N/A,http://www.nativeplantcenter.net/wp-content/uploads/2016/05/Thalictrum-pubescens-RHW.jpg
"rue anemone, windflower",Thalictrum thalictroides,Ranunculaceae,white,0.5,1ft; ,N/A,N/A,"Partial Sun, Shade","Dry, Moist","Clay, Loamy, Sandy",N/A,N/A,N/A,http://www.nativeplantcenter.net/wp-content/uploads/2016/05/Thalictrum-thalictroides-Anemonella-t-RHW.jpg
New York fern,Thelypteris noveboracensis,Thelypteridaceae,,1,2.5ft; ,N/A,N/A,"Partial Sun, Shade","Moist, Wet","Clay, Loamy, Sandy",N/A,N/A,N/A,http://www.nativeplantcenter.net/wp-content/uploads/2016/05/Thelypteris-noveboracensis-USFWS-BES.jpg
marsh fern,Thelypteris palustris,Thelypteridaceae,,2,3ft; ,N/A,N/A,"Full Sun, Partial Sun","Moist, Wet","Clay, Loamy, Sandy",N/A,N/A,N/A,http://www.nativeplantcenter.net/wp-content/uploads/2016/05/Thelypteris-palustris-UWI-RWF.jpg
"arborvitae, northern white cedar",Thuja occidentalis,Cupressaceae,red brown,50,75ft,35,50,Full Sun,"Moist, Wet","Clay, Loamy, Sandy",N/A,N/A,N/A,http://www.nativeplantcenter.net/wp-content/uploads/2016/05/Thuja-occidentalis-1-USFWS-BES.jpg
"foamflower, false miterwort, heartleaf foamflower",Tiarella cordifolia,Saxifragaceae,white,0.5,1ft; ,N/A,N/A,"Full Sun, Partial Sun, Shade",Moist,Loamy,N/A,N/A,N/A,http://www.nativeplantcenter.net/wp-content/uploads/2016/05/DSC_4259-e1467743063767-700x467-1467745553.jpg
"American basswood, linden",Tilia americana,Tiliaceae,yellow,70,100ft,50,75,"Partial Sun, Shade",Moist,"Loamy, Sandy",N/A,N/A,N/A,http://www.nativeplantcenter.net/wp-content/uploads/2016/05/Tilia-americana-1-PLANTS-DEH.jpg
"Virginia spiderwort, widow's tears",Tradescantia virginiana,Commelinaceae,deep blue-purple,1,3ft; ,N/A,N/A,"Full Sun, Partial Sun, Shade",Moist,"Clay, Loamy",N/A,N/A,N/A,http://www.nativeplantcenter.net/wp-content/uploads/2016/05/Tradescantia-virginiana-RHW.jpg
"redtop, purpletop",Tridens flavus,Poaceae,,2,6.5ft; ,N/A,N/A,"Full Sun, Partial Sun","Dry, Moist","Clay, Loamy, Sandy",N/A,N/A,N/A,http://www.nativeplantcenter.net/wp-content/uploads/2016/05/Tridens-flavus-UWI-EJJ.jpg
"wakerobin, purple trillium, red trillium",Trillium erectum,Liliaceae,purple or greenish to white,1,1.5ft; ,N/A,N/A,Shade,Moist,Loamy,N/A,N/A,N/A,http://www.nativeplantcenter.net/wp-content/uploads/2016/05/Trillium-erectum-RHW.jpg
"white trillium, large-flowered trillium",Trillium grandiflorum,Liliaceae,white then pink,0.5,1.5ft; ,N/A,N/A,Shade,Moist,Loamy,N/A,N/A,N/A,http://www.nativeplantcenter.net/wp-content/uploads/2016/05/DSC_4205-700x467.jpg
toadshade,Trillium sessile,Liliaceae,"maroon, purple, green",0.5,1ft; ,N/A,N/A,"Partial Sun, Shade",Moist,Loamy,N/A,N/A,N/A,http://www.nativeplantcenter.net/wp-content/uploads/2016/05/Trillium-sessile-RHW.jpg
painted trillium,Trillium undulatum,Liliaceae,white with purple,1,1.5ft; ,N/A,N/A,"Full Sun, Partial Sun, Shade",Moist,Loamy,N/A,N/A,N/A,http://www.nativeplantcenter.net/wp-content/uploads/2016/05/Trillium-undulatum-RHW.jpg
gama grass,Tripsacum dactyloides,Poaceae,,6,10ft; ,N/A,N/A,"Full Sun, Partial Sun","Moist, Wet","Clay, Loamy",N/A,N/A,N/A,http://www.nativeplantcenter.net/wp-content/uploads/2016/05/Tripsacum-dactyloides-CM-NRCS.jpg
eastern hemlock,Tsuga canadensis,Pinaceae,tan brown,75,100ft,35,50,Partial Sun,Moist,"Loamy, Sandy",N/A,N/A,N/A,http://www.nativeplantcenter.net/wp-content/uploads/2016/05/Tsuga-canadensis-USDA-NRCS.jpg
"American elm, white elm, soft elm",Ulmus americana,Ulmaceae,red brown,75,100ft,75,100,"Full Sun, Partial Sun","Moist, Wet","Clay, Loamy, Sandy",N/A,N/A,N/A,http://www.nativeplantcenter.net/wp-content/uploads/2016/05/Ulmus-americana-USDA-NRCS.jpg
"slippery elm, red elm, soft elm",Ulmus rubra,Ulmaceae,,70,70ft; ,N/A,N/A,"Partial Sun, Shade","Dry, Moist","Clay, Loamy, Sandy",N/A,N/A,N/A,http://www.nativeplantcenter.net/wp-content/uploads/2016/05/Ulmus-rubra-UWI-DWW.jpg
large-flowered bellwort,Uvularia grandiflora,Liliaceae,orange-yellow,2.5,2.5ft; ,N/A,N/A,Shade,Moist,Loamy,N/A,N/A,N/A,http://www.nativeplantcenter.net/wp-content/uploads/2016/05/Uvularia-grandiflora-RHW.jpg
"perfoliate bellwort, mealy bellwort",Uvularia perfoliata,Liliaceae,yellow,0.5,2ft; ,N/A,N/A,"Full Sun, Partial Sun",Moist,Loamy,N/A,N/A,N/A,http://www.nativeplantcenter.net/wp-content/uploads/2016/05/Uvularia-perfoliata-RHW.jpg
straw lily,Uvularia sessilifolia,Liliaceae,yellow,0.5,1ft; ,N/A,N/A,"Full Sun, Partial Sun, Shade","Dry, Moist","Loamy, Sandy",N/A,N/A,N/A,http://www.nativeplantcenter.net/wp-content/uploads/2016/05/Uvularia-sessilifolia-RHW.jpg
lowbush blueberry,Vaccinium angustifolium,Ericaceae,white or pink-tinged,1,2ft,1,2,"Full Sun, Partial Sun","Dry, Moist","Clay, Loamy, Sandy",N/A,N/A,N/A,http://www.nativeplantcenter.net/wp-content/uploads/2016/05/Vaccinium-angustifolium-BES.jpg
highbush blueberry,Vaccinium corymbosum,Ericaceae,white or pink-tinged,6,12ft,6,12,"Full Sun, Partial Sun, Shade","Dry, Moist, Wet","Loamy, Sandy",N/A,N/A,N/A,http://www.nativeplantcenter.net/wp-content/uploads/2016/05/Vaccinium-cor-red-fall-USFWS-BES.jpg
cranberry,Vaccinium macrocarpon,Ericaceae,white to pink,0.5,1ft,3,3,"Full Sun, Partial Sun",Wet,"Loamy, Sandy",N/A,N/A,N/A,http://www.nativeplantcenter.net/wp-content/uploads/2016/05/Vaccinium-macrocarpon-RHW.jpg
early lowbush blueberry,Vaccinium pallidum,Ericaceae,"white, reddish",1.5,2ft; ,N/A,N/A,"Full Sun, Partial Sun","Dry, Moist","Loamy, Sandy",N/A,N/A,N/A,http://www.nativeplantcenter.net/wp-content/uploads/2016/05/Vaccinium-pallidum-RHW.jpg
deerberry,Vaccinium stamineum,Ericaceae,white or purple,6,12ft,6,12,"Full Sun, Partial Sun","Dry, Moist","Clay, Loamy, Sandy",N/A,N/A,N/A,http://www.nativeplantcenter.net/wp-content/uploads/2016/05/Vaccinium-stamineum-RHW.jpg
"green false hellebore, white hellebore",Veratrum viride,Liliaceae,yellow-green,2,5ft; ,N/A,N/A,"Full Sun, Partial Sun, Shade","Moist, Wet","Clay, Loamy, Sandy",N/A,N/A,N/A,http://www.nativeplantcenter.net/wp-content/uploads/2016/05/Veratrum-viride-RHW.jpg
"blue vervain, simpler's joy",Verbena hastata,Verbenaceae,blue to purple,1.5,5ft; ,N/A,N/A,"Full Sun, Partial Sun","Moist, Wet","Clay, Loamy, Sandy",N/A,N/A,N/A,http://www.nativeplantcenter.net/wp-content/uploads/2016/05/Verbena-hastata-RHW.jpg
"wingstem, yellow ironweed",Verbesina alternifolia,Asteraceae,yellow,3.5,8ft; ,N/A,N/A,Full Sun,Moist,,N/A,N/A,N/A,http://www.nativeplantcenter.net/wp-content/uploads/2016/05/Verbesina-alternifolia-RHW.jpg
New York ironweed,Vernonia noveboracensis,Asteraceae,purple,3.5,8ft; ,N/A,N/A,"Full Sun, Partial Sun","Moist, Wet",Loamy,N/A,N/A,N/A,http://www.nativeplantcenter.net/wp-content/uploads/2016/05/Vernonia-noveboracensis-RHW.jpg
Culver's root,Veronicastrum virginicum,Scrophulariaceae,"white, pink",3,6.5ft; ,N/A,N/A,"Full Sun, Partial Sun","Moist, Wet","Clay, Loamy, Sandy",N/A,N/A,N/A,http://www.nativeplantcenter.net/wp-content/uploads/2016/05/Veronicastrum-virginicum-Veronica-v-RHW.jpg
maple-leaved arrowwood,Viburnum acerifolium,Caprifoliaceae,"creamy-white, pink",3,6ft,3,6,"Full Sun, Partial Sun, Shade","Dry, Moist","Clay, Loamy",N/A,N/A,N/A,http://www.nativeplantcenter.net/wp-content/uploads/2016/05/Viburnum-acerifolium-1-RHW.jpg
southern arrowwood,Viburnum dentatum,Caprifoliaceae,white,10,15ft,6,12,"Full Sun, Partial Sun, Shade","Dry, Moist, Wet","Loamy, Sandy",N/A,N/A,N/A,http://www.nativeplantcenter.net/wp-content/uploads/2016/05/Viburnum-dentatum-1-USFWS-BES.jpg
"naked witherod, possum-haw viburnum",Viburnum nudum,Caprifoliaceae,white to cream,6.5,20ft,12,20,"Full Sun, Partial Sun, Shade","Moist, Wet","Loamy, Sandy",N/A,N/A,N/A,http://www.nativeplantcenter.net/wp-content/uploads/2016/05/Viburnum-nudum-RHW.jpg
witherod,Viburnum nudum var. cassinoides,"Adoxaceae, Caprifoliaceae",creamy white,6,12ft,6,12,"Full Sun, Partial Sun","Dry, Moist, Wet",Loamy,N/A,N/A,N/A,http://www.nativeplantcenter.net/wp-content/uploads/2016/05/Viburnum-nudum-RHW.jpg
black haw,Viburnum prunifolium,Caprifoliaceae,white,12,24ft,8,12,"Full Sun, Partial Sun, Shade","Dry, Moist, Wet","Clay, Loamy",N/A,N/A,N/A,http://www.nativeplantcenter.net/wp-content/uploads/2016/05/Viburnum-prunifolium-RHW.jpg
American dog violet,Viola conspersa,Violaceae,"pale blue, violet",0.5,1ft; ,N/A,N/A,"Full Sun, Partial Sun, Shade","Moist, Wet",,N/A,N/A,N/A,http://www.nativeplantcenter.net/wp-content/uploads/2016/05/Viola-conspersa-V-labradorica-UWI-RWF.jpg
"marsh blue violet, blue marsh violet",Viola cucullata,Violaceae,pale purple,,,,,"Partial Sun, Shade","Moist, Wet","Clay, Loamy, Sandy",N/A,N/A,N/A,http://www.nativeplantcenter.net/wp-content/uploads/2016/05/Viola-cucullata-RHW.jpg
halberdleaf yellow violet,Viola hastata,Violaceae,yellow w/ violet,0.5,1ft; ,N/A,N/A,"Full Sun, Partial Sun",Dry,,N/A,N/A,N/A,http://www.nativeplantcenter.net/wp-content/uploads/2016/05/Viola-hastata-RHW.jpg
bird's foot violet,Viola pedata,Violaceae,pale blue or w/ purple-black tips,,,,,"Full Sun, Partial Sun","Dry, Moist","Loamy, Sandy",N/A,N/A,N/A,http://www.nativeplantcenter.net/wp-content/uploads/2016/05/Viola-pedata-RHW.jpg
"yellow violet, downy violet",Viola pubescens var. pubescens,Violaceae,"yellow, purple veins",0.5,1.5ft; ,N/A,N/A,"Partial Sun, Shade",Moist,Loamy,N/A,N/A,N/A,http://www.nativeplantcenter.net/wp-content/uploads/2016/05/Viola-pubescens-V-pennsylvanica-RHW.jpg
common blue violet,Viola sororia,Violaceae,"dark blue, violet",0.5,0.5ft; ,N/A,N/A,"Full Sun, Partial Sun, Shade",Moist,"Clay, Loamy",N/A,N/A,N/A,http://www.nativeplantcenter.net/wp-content/uploads/2016/05/Viola-sororia-V-papilionacea-RHW.jpg
"striped cream violet, striped violet",Viola striata,Violaceae,ivory w/ purple,0.5,1ft; ,N/A,N/A,Partial Sun,"Moist, Wet",Loamy,N/A,N/A,N/A,http://www.nativeplantcenter.net/wp-content/uploads/2016/05/Viola-striata-MP.jpg
"Atlantic wisteria, American wisteria",Wisteria frutescens,Fabaceae,lilac,20,20ft; ,N/A,N/A,"Full Sun, Partial Sun","Moist, Wet","Clay, Loamy, Sandy",N/A,N/A,N/A,http://www.nativeplantcenter.net/wp-content/uploads/2016/05/Wisteria-frutescens-1-SMSU.jpg
netted chain fern,Woodwardia areolata,Blechnaceae,,0.5,2ft; ,N/A,N/A,"Partial Sun, Shade","Moist, Wet",,N/A,N/A,N/A,http://www.nativeplantcenter.net/wp-content/uploads/2016/05/Woodwardia-areolata-PLANTS-RM91.jpg
Virginia chain fern,Woodwardia virginica,Blechnaceae,,3,6ft; ,N/A,N/A,"Partial Sun, Shade","Moist, Wet",,N/A,N/A,N/A,http://www.nativeplantcenter.net/wp-content/uploads/2016/05/Woodwardia-virginica-PLANTS.jpg
Adam's needle,Yucca filamentosa,Agavaceae,white,2,2.5ft; ,N/A,N/A,Full Sun,Dry,"Loamy, Sandy",N/A,N/A,N/A,http://www.nativeplantcenter.net/wp-content/uploads/2016/05/Yucca-filamentosa-RHW.jpg
wild rice,Zizania aquatica,Poaceae,,6,10ft; ,N/A,N/A,Full Sun,"Flooded, Moist, Wet","Clay, Loamy, Sandy",N/A,N/A,N/A,http://www.nativeplantcenter.net/wp-content/uploads/2016/05/Zizania-aquatica-RHW.jpg
golden-alexanders,Zizia aurea,Apiaceae,yellow,1,2.5ft; ,N/A,N/A,"Full Sun, Partial Sun, Shade","Dry, Moist","Clay, Loamy, Sandy",N/A,N/A,N/A,http://www.nativeplantcenter.net/wp-content/uploads/2016/05/Zizia-aurea-RHW.jpg
